→ regenerating settings defaults (must be committed fresh)…
→ regenerating runtime registry (must be committed fresh)…
→ regenerating bundled known-file registry (must be committed fresh)…
→ regenerating bundled image renderer (must be committed fresh)…
→ regenerating metagame stage bundles (must be committed fresh)…
→ regenerating bundled app core (must be committed fresh)…
→ running compatibility matrix generator…
Generated compatibility.json: 144 types, 896 known files
→ regenerating examples summary (must be committed fresh)…
→ regenerating lightweight detector metadata (must be committed fresh)…
→ regenerating dark-mode overrides (must be committed fresh)…
→ regenerating asset-manifest.json (must be committed fresh)…
→ LOC housekeeping report (advisory)…
→ LOC housekeeping (soft=300, hard=500, excludes vendor)…
  ⚠ 3067  tests/node_modules/playwright-core/lib/protocol/validator.js   (over hard cap — split soon)
  ⚠ 1738  tests/areas/media-3d.mjs   (over hard cap — split soon)
  ⚠ 1622  tests/areas/games.mjs   (over hard cap — split soon)
  ⚠ 1521  tests/companion-e2e.mjs   (over hard cap — split soon)
  ⚠ 1500  tests/node_modules/playwright-core/lib/server/frames.js   (over hard cap — split soon)
  ⚠ 1395  tests/node_modules/playwright-core/lib/server/registry/index.js   (over hard cap — split soon)
  ⚠ 1281  tests/node_modules/playwright-core/lib/server/registry/nativeDeps.js   (over hard cap — split soon)
  ⚠ 1244  tests/metadata-owned.test.mjs   (over hard cap — split soon)
  ⚠ 1170  docs/known/registry.js   (over hard cap — split soon)
  ⚠ 1161  tests/node_modules/playwright-core/lib/server/webkit/wkPage.js   (over hard cap — split soon)
  ⚠ 1132  docs/assets/app.css   (over hard cap — split soon)
  ⚠ 1051  tests/node_modules/playwright-core/lib/utils/isomorphic/cssTokenizer.js   (over hard cap — split soon)
  ⚠ 1017  tests/media-parsers.test.mjs   (over hard cap — split soon)
  ⚠ 1008  tests/areas/interactions.mjs   (over hard cap — split soon)
  ⚠ 986  docs/assets/preview-chrome.css   (over hard cap — split soon)
  ⚠ 963  tests/node_modules/playwright-core/lib/server/chromium/crPage.js   (over hard cap — split soon)
  ⚠ 956  tests/node_modules/playwright-core/lib/tools/cli-daemon/commands.js   (over hard cap — split soon)
  ⚠ 890  tests/node_modules/playwright-core/lib/server/page.js   (over hard cap — split soon)
  ⚠ 833  tests/node_modules/playwright-core/lib/server/dom.js   (over hard cap — split soon)
  ⚠ 795  docs/core/companion-ui.js   (over hard cap — split soon)
  ⚠ 789  tests/areas/structured-types.mjs   (over hard cap — split soon)
  ⚠ 781  tests/areas/binary-types.mjs   (over hard cap — split soon)
  ⚠ 780  docs/assets/preview-media.css   (over hard cap — split soon)
  ⚠ 764  tests/node_modules/playwright/lib/index.js   (over hard cap — split soon)
  ⚠ 750  tests/node_modules/playwright-core/lib/client/network.js   (over hard cap — split soon)
  ⚠ 741  tests/node_modules/playwright-core/lib/server/browserContext.js   (over hard cap — split soon)
  ⚠ 731  tests/node_modules/playwright-core/lib/client/page.js   (over hard cap — split soon)
  ⚠ 707  tests/node_modules/playwright-core/lib/server/chromium/crNetworkManager.js   (over hard cap — split soon)
  ⚠ 704  docs/core/app.js   (over hard cap — split soon)
  ⚠ 689  tests/node_modules/playwright-core/lib/utils/isomorphic/locatorGenerators.js   (over hard cap — split soon)
  ⚠ 688  tests/release-readiness-offline.mjs   (over hard cap — split soon)
  ⚠ 669  scripts/check.sh   (over hard cap — split soon)
  ⚠ 668  tests/node_modules/playwright-core/lib/server/network.js   (over hard cap — split soon)
  ⚠ 666  tests/node_modules/playwright/lib/reporters/html.js   (over hard cap — split soon)
  ⚠ 655  tests/node_modules/playwright-core/lib/server/trace/recorder/tracing.js   (over hard cap — split soon)
  ⚠ 644  tests/release-readiness-visual.mjs   (over hard cap — split soon)
  ⚠ 633  tests/node_modules/playwright/lib/reporters/base.js   (over hard cap — split soon)
  ⚠ 621  tests/node_modules/playwright-core/lib/server/fetch.js   (over hard cap — split soon)
  ⚠ 614  tests/areas/simple-types.mjs   (over hard cap — split soon)
  ⚠ 608  tests/node_modules/playwright-core/lib/server/har/harTracer.js   (over hard cap — split soon)
  ⚠ 607  docs/types/text/known/powershell-lang/renderer.js   (over hard cap — split soon)
  ⚠ 599  tests/node_modules/playwright-core/lib/server/bidi/bidiPage.js   (over hard cap — split soon)
  ⚠ 580  tests/areas/known/part-16-sample-rst.mjs   (over hard cap — split soon)
  ⚠ 579  tests/node_modules/playwright/lib/reporters/merge.js   (over hard cap — split soon)
  ⚠ 571  tests/node_modules/playwright-core/lib/server/bidi/bidiBrowser.js   (over hard cap — split soon)
  ⚠ 566  tests/areas/known/part-17-sample-php.mjs   (over hard cap — split soon)
  ⚠ 566  docs/types/text/known/dart-lang/renderer.js   (over hard cap — split soon)
  ⚠ 563  tests/node_modules/playwright-core/lib/client/browserContext.js   (over hard cap — split soon)
  ⚠ 561  tests/node_modules/playwright-core/lib/server/trace/recorder/snapshotterInjected.js   (over hard cap — split soon)
  ⚠ 560  docs/types/text/kubeconfig/renderer.js   (over hard cap — split soon)
  ⚠ 554  docs/types/zip/renderer.js   (over hard cap — split soon)
  ⚠ 552  tests/areas/core-ui.mjs   (over hard cap — split soon)
  ⚠ 542  tests/areas/known/part-01-package-json.mjs   (over hard cap — split soon)
  ⚠ 539  tests/areas/media-studio-video-export-timeline.mjs   (over hard cap — split soon)
  ⚠ 539  docs/types/image/renderer.js   (over hard cap — split soon)
  ⚠ 538  tests/node_modules/playwright/lib/isomorphic/teleReceiver.js   (over hard cap — split soon)
  ⚠ 535  tests/node_modules/playwright-core/lib/server/recorder.js   (over hard cap — split soon)
  ⚠ 533  tests/node_modules/playwright/lib/worker/workerMain.js   (over hard cap — split soon)
  ⚠ 532  tests/node_modules/playwright/lib/worker/testInfo.js   (over hard cap — split soon)
  ⚠ 532  docs/types/binary/wasm/renderer.js   (over hard cap — split soon)
  ⚠ 529  tests/areas/media-studio-mixer-audio-listen.mjs   (over hard cap — split soon)
  ⚠ 528  tests/node_modules/playwright-core/lib/server/chromium/crBrowser.js   (over hard cap — split soon)
  ⚠ 527  docs/core/examples.js   (over hard cap — split soon)
  ⚠ 523  docs/types/binary/npy/renderer.js   (over hard cap — split soon)
  ⚠ 522  tests/node_modules/playwright/lib/runner/dispatcher.js   (over hard cap — split soon)
  ⚠ 511  tests/node_modules/playwright-core/lib/server/utils/socksProxy.js   (over hard cap — split soon)
  ⚠ 508  docs/types/text/thrift/renderer.js   (over hard cap — split soon)
  ·  499  docs/types/text/known/d-lang/renderer.js   (consider splitting)
  ·  499  docs/types/media/mixer/mixer-video-source.js   (consider splitting)
  ·  498  docs/games/metagame/stages/stage6/tests/run.test.mjs   (consider splitting)
  ·  498  docs/games/metagame/stages/stage6/renderer.js   (consider splitting)
  ·  495  docs/types/media/mixer/mixer-audio-multi.js   (consider splitting)
  ·  494  tests/node_modules/playwright-core/lib/server/firefox/ffPage.js   (consider splitting)
  ·  494  docs/types/media/mixer/mixer-audio-multi-ui.js   (consider splitting)
  ·  493  docs/types/media/mixer/mixer-compare.js   (consider splitting)
  ·  493  docs/games/metagame/stages/stage2/renderer.js   (consider splitting)
  ·  492  tests/node_modules/playwright-core/lib/utils/isomorphic/trace/snapshotRenderer.js   (consider splitting)
  ·  492  docs/types/pdf/renderer.js   (consider splitting)
  ·  479  docs/types/text/known/php-lang/renderer.js   (consider splitting)
  ·  475  docs/types/media/studio-export.js   (consider splitting)
  ·  474  docs/types/media/audio-listen-surface.js   (consider splitting)
  ·  470  docs/games/metagame/stages/stage2/view.js   (consider splitting)
  ·  467  docs/types/text/rtf/renderer.js   (consider splitting)
  ·  467  docs/types/media/mixer/mixer-audio-listen.js   (consider splitting)
  ·  467  docs/games/metagame/stages/stage3/renderer.js   (consider splitting)
  ·  466  tests/areas/known/part-02-wrangler-toml.mjs   (consider splitting)
  ·  465  tests/node_modules/playwright-core/lib/server/android/android.js   (consider splitting)
  ·  465  docs/types/media/mixer/mixer-model.js   (consider splitting)
  ·  465  docs/core/rawpane.js   (consider splitting)
  ·  464  tests/node_modules/playwright-core/lib/utils/isomorphic/mimeType.js   (consider splitting)
  ·  463  tests/areas/known/part-12-global-json.mjs   (consider splitting)
  ·  463  docs/types/text/known/restructuredtext/renderer.js   (consider splitting)
  ·  461  tests/node_modules/playwright/lib/transform/babelBundleImpl.js   (consider splitting)
  ·  459  tests/areas/ebook-git.mjs   (consider splitting)
  ·  457  tests/release-readiness-fixtures.test.mjs   (consider splitting)
  ·  456  tests/node_modules/playwright-core/lib/server/dispatchers/pageDispatcher.js   (consider splitting)
  ·  455  tests/node_modules/playwright-core/lib/utils/isomorphic/ariaSnapshot.js   (consider splitting)
  ·  455  docs/types/media/mixer/mixer-renderer.js   (consider splitting)
  ·  454  docs/types/text/crash/renderer.js   (consider splitting)
  ·  453  docs/types/text/known/kotlin-lang/renderer.js   (consider splitting)
  ·  447  docs/games/metagame/stages/stage1/stages3.js   (consider splitting)
  ·  446  tests/node_modules/playwright-core/lib/tools/mcp/config.js   (consider splitting)
  ·  445  tests/node_modules/playwright-core/lib/tools/backend/tab.js   (consider splitting)
  ·  445  tests/areas/known/part-07-opentelemetry-k8s-yaml-otel-.mjs   (consider splitting)
  ·  445  docs/games/metagame/stages/stage9/renderer.js   (consider splitting)
  ·  445  docs/games/metagame/stages/stage1/stages2.js   (consider splitting)
  ·  443  docs/types/text/proto/renderer.js   (consider splitting)
  ·  443  docs/core/offline.js   (consider splitting)
  ·  436  docs/games/metagame/stages/stage5/renderer.js   (consider splitting)
  ·  435  tests/areas/examples-catalog.mjs   (consider splitting)
  ·  433  docs/games/metagame/stages/stage1/stages.js   (consider splitting)
  ·  432  docs/types/media/renderer.js   (consider splitting)
  ·  432  docs/types/binary/torrent/semantics.js   (consider splitting)
  ·  431  docs/types/text/mcp-config/renderer.js   (consider splitting)
  ·  429  tests/areas/known/part-03-lintstagedrc-json.mjs   (consider splitting)
  ·  429  docs/types/text/known/clojure-lang/renderer.js   (consider splitting)
  ·  428  docs/types/text/musicxml/renderer.js   (consider splitting)
  ·  428  docs/core/folder.js   (consider splitting)
  ·  424  tests/torrent-v2-semantics.test.mjs   (consider splitting)
  ·  422  docs/types/image/adv-edit.js   (consider splitting)
  ·  420  docs/games/metagame/stages/stage6/tests/combat.test.mjs   (consider splitting)
  ·  419  docs/types/text/known/purescript-lang/renderer.js   (consider splitting)
  ·  419  docs/types/text/known/julia-lang/renderer.js   (consider splitting)
  ·  418  docs/types/text/ssh-config/renderer.js   (consider splitting)
  ·  416  tests/areas/known/part-09-nuget-config.mjs   (consider splitting)
  ·  416  docs/types/text/known/haxe-lang/renderer.js   (consider splitting)
  ·  414  docs/types/text/known/nginx-conf/renderer.js   (consider splitting)
  ·  414  docs/types/text/known/mediawiki-markup/renderer.js   (consider splitting)
  ·  414  docs/types/text/known/ballerina-lang/renderer.js   (consider splitting)
  ·  413  tests/node_modules/playwright/lib/runner/tasks.js   (consider splitting)
  ·  413  docs/assets/preview.css   (consider splitting)
  ·  412  docs/types/text/known/solidity-lang/renderer.js   (consider splitting)
  ·  411  tests/node_modules/playwright-core/lib/server/bidi/bidiNetworkManager.js   (consider splitting)
  ·  411  docs/types/text/known/groovy-lang/renderer.js   (consider splitting)
  ·  410  docs/core/git.js   (consider splitting)
  ·  409  docs/games/breakout/breakout.js   (consider splitting)
  ·  408  tests/node_modules/playwright-core/lib/server/firefox/ffBrowser.js   (consider splitting)
  ·  408  docs/types/text/known/nim-lang/renderer.js   (consider splitting)
  ·  407  tests/node_modules/playwright/lib/common/expectBundleImpl.js   (consider splitting)
  ·  407  docs/types/text/pem/asn1.js   (consider splitting)
  ·  407  docs/types/text/known/erlang-source/renderer.js   (consider splitting)
  ·  406  tests/areas/known/part-08-example-nomad-nomad-job.mjs   (consider splitting)
  ·  405  docs/games/metagame/planning/ux-audit-2026-07/tools/shots.mjs   (consider splitting)
  ·  404  tests/node_modules/playwright-core/lib/client/frame.js   (consider splitting)
  ·  403  tests/areas/known/part-15-speedtest-tracker-env.mjs   (consider splitting)
  ·  403  docs/types/media/audio-filters.js   (consider splitting)
  ·  402  docs/games/metagame/stages/stage6/run.js   (consider splitting)
  ·  402  docs/core/filetree.js   (consider splitting)
  ·  401  tests/node_modules/playwright-core/lib/utils/isomorphic/trace/traceModernizer.js   (consider splitting)
  ·  400  tests/node_modules/playwright/lib/util.js   (consider splitting)
  ·  399  tests/node_modules/playwright-core/lib/server/chromium/chromium.js   (consider splitting)
  ·  399  tests/areas/known/part-05-package-resolved.mjs   (consider splitting)
  ·  399  docs/types/text/known/pony-lang/renderer.js   (consider splitting)
  ·  399  docs/types/text/known/objc-lang/renderer.js   (consider splitting)
  ·  398  tests/node_modules/playwright/lib/runner/testRunner.js   (consider splitting)
  ·  398  docs/types/text/known/org-mode/renderer.js   (consider splitting)
  ·  397  docs/types/text/known/fortran-lang/renderer.js   (consider splitting)
  ·  396  tests/node_modules/playwright/lib/runner/watchMode.js   (consider splitting)
  ·  394  docs/core/sidebar-roots.js   (consider splitting)
  ·  392  docs/types/text/known/rescript-lang/renderer.js   (consider splitting)
  ·  391  docs/games/metagame/viewer-actions.js   (consider splitting)
  ·  389  tests/release-readiness-manual-judgments.mjs   (consider splitting)
  ·  388  docs/games/metagame/stages/stage3/styles.css   (consider splitting)
  ·  386  tests/node_modules/playwright-core/lib/utils/isomorphic/selectorParser.js   (consider splitting)
  ·  386  docs/types/media/transcoder-ops.js   (consider splitting)
  ·  386  docs/games/metagame/stages/stage10/renderer.js   (consider splitting)
  ·  385  tests/node_modules/playwright/lib/matchers/matchers.js   (consider splitting)
  ·  385  docs/types/text/yaml/known/kube-helm-values/renderer.js   (consider splitting)
  ·  385  docs/types/image/edit-select.js   (consider splitting)
  ·  384  docs/types/media/mixer/audio-listen-lane.css   (consider splitting)
  ·  383  tests/node_modules/playwright-core/lib/server/socksClientCertificatesInterceptor.js   (consider splitting)
  ·  382  tests/metadata-normalize.test.mjs   (consider splitting)
  ·  381  tests/node_modules/playwright-core/lib/server/dispatchers/browserContextDispatcher.js   (consider splitting)
  ·  381  docs/types/text/known/zig-lang/renderer.js   (consider splitting)
  ·  381  docs/types/text/known/gleam-lang/renderer.js   (consider splitting)
  ·  380  docs/types/text/known/vhdl-lang/renderer.js   (consider splitting)
  ·  380  docs/types/text/known/swift-lang/renderer.js   (consider splitting)
  ·  380  docs/types/text/known/fsharp-lang/renderer.js   (consider splitting)
  ·  380  docs/games/metagame/stages/stage2/monsters.js   (consider splitting)
  ·  379  docs/types/text/known/vala-lang/renderer.js   (consider splitting)
  ·  379  docs/types/text/known/ocaml-lang/renderer.js   (consider splitting)
  ·  378  docs/core/companion-settings.js   (consider splitting)
  ·  371  tests/node_modules/playwright-core/lib/server/registry/dependencies.js   (consider splitting)
  ·  369  docs/types/text/known/sed-script/renderer.js   (consider splitting)
  ·  368  docs/types/text/known/zsh-script/renderer.js   (consider splitting)
  ·  368  docs/types/text/known/sml-lang/renderer.js   (consider splitting)
  ·  368  docs/games/metagame/metagame.js   (consider splitting)
  ·  367  tests/node_modules/playwright-core/lib/server/recorder/recorderApp.js   (consider splitting)
  ·  367  tests/node_modules/playwright-core/lib/client/locator.js   (consider splitting)
  ·  367  tests/node_modules/playwright-core/lib/client/fetch.js   (consider splitting)
  ·  367  docs/games/minesweeper/minesweeper.js   (consider splitting)
  ·  366  tests/node_modules/playwright-core/lib/utils/isomorphic/trace/traceModel.js   (consider splitting)
  ·  366  docs/types/text/known/nunjucks/renderer.js   (consider splitting)
  ·  366  docs/types/text/known/coffeescript-lang/renderer.js   (consider splitting)
  ·  365  tests/areas/known/part-11-picom-conf.mjs   (consider splitting)
  ·  364  tests/node_modules/playwright-core/lib/server/dispatchers/dispatcher.js   (consider splitting)
  ·  364  tests/areas/known/part-04-moon-yml.mjs   (consider splitting)
  ·  364  docs/types/media/waveform.js   (consider splitting)
  ·  363  tests/areas/known/part-10-settings-gradle.mjs   (consider splitting)
  ·  363  docs/core/rawpane-toolbars.js   (consider splitting)
  ·  362  tests/areas/known/part-14-miniflux-conf.mjs   (consider splitting)
  ·  361  tests/node_modules/playwright-core/lib/client/android.js   (consider splitting)
  ·  360  tests/areas/known/part-13-windsurfrules.mjs   (consider splitting)
  ·  360  docs/types/text/known/asciidoc/renderer.js   (consider splitting)
  ·  360  docs/games/metagame/stages/stage4/ui-combat.js   (consider splitting)
  ·  360  docs/core/meta-drawer.js   (consider splitting)
  ·  358  tests/areas/known/part-06-setup-cfg.mjs   (consider splitting)
  ·  358  docs/types/text/rdp/renderer.js   (consider splitting)
  ·  357  docs/games/metagame/stages/stage1/s1economy.js   (consider splitting)
  ·  356  tests/rich-example-fixtures.test.mjs   (consider splitting)
  ·  355  docs/types/text/yaml/known/woodpecker-ci/renderer.js   (consider splitting)
  ·  354  docs/types/text/dxf/renderer.js   (consider splitting)
  ·  353  tests/release-readiness-workflows.mjs   (consider splitting)
  ·  353  scripts/gen-example-compatibility.mjs   (consider splitting)
  ·  353  docs/types/text/known/typst-doc/renderer.js   (consider splitting)
  ·  352  tests/node_modules/playwright-core/lib/tools/mcp/cdpRelay.js   (consider splitting)
  ·  352  docs/types/text/yaml/known/github-actions/renderer.js   (consider splitting)
  ·  352  docs/types/media/editor.js   (consider splitting)
  ·  351  tests/node_modules/playwright/lib/worker/testTracing.js   (consider splitting)
  ·  351  tests/node_modules/playwright-core/lib/utils/isomorphic/protocolMetainfo.js   (consider splitting)
  ·  350  tests/node_modules/playwright-core/lib/tools/cli-client/program.js   (consider splitting)
  ·  350  docs/types/text/known/reason-lang/renderer.js   (consider splitting)
  ·  349  tests/node_modules/playwright/lib/matchers/toMatchSnapshot.js   (consider splitting)
  ·  348  docs/types/text/known/scheme-lang/renderer.js   (consider splitting)
  ·  348  docs/types/text/known/asm-lang/renderer.js   (consider splitting)
  ·  348  docs/games/metagame/stages/stage2/engine.js   (consider splitting)
  ·  347  docs/types/text/toml/known/cargo-toml/render.js   (consider splitting)
  ·  347  docs/types/text/known/kdl-doc/renderer.js   (consider splitting)
  ·  347  docs/types/text/known/haproxy-cfg/renderer.js   (consider splitting)
  ·  346  tests/node_modules/playwright/lib/agents/generateAgents.js   (consider splitting)
  ·  346  docs/types/text/known/squirrel-lang/renderer.js   (consider splitting)
  ·  346  docs/types/text/known/gdscript-lang/renderer.js   (consider splitting)
  ·  344  tests/node_modules/playwright/lib/common/configLoader.js   (consider splitting)
  ·  344  docs/types/text/known/wgsl-shader/renderer.js   (consider splitting)
  ·  344  docs/types/text/known/janet-lang/renderer.js   (consider splitting)
  ·  344  docs/types/layered/ora/renderer.js   (consider splitting)
  ·  344  docs/games/metagame/stages/stage10/styles.css   (consider splitting)
  ·  343  docs/types/office/iwork/renderer.js   (consider splitting)
  ·  343  docs/types/layered/renderer.js   (consider splitting)
  ·  342  docs/types/text/env/form-editor.js   (consider splitting)
  ·  340  tests/node_modules/playwright/lib/runner/loadUtils.js   (consider splitting)
  ·  340  docs/types/text/known/verilog/renderer.js   (consider splitting)
  ·  339  tests/node_modules/playwright-core/lib/remote/playwrightServer.js   (consider splitting)
  ·  338  tests/node_modules/playwright-core/lib/server/browserType.js   (consider splitting)
  ·  338  docs/types/media/mixer/mixer-video-export.js   (consider splitting)
  ·  337  docs/types/text/known/crystal-lang/renderer.js   (consider splitting)
  ·  336  tests/node_modules/playwright-core/lib/generated/webSocketMockSource.js   (consider splitting)
  ·  335  docs/types/text/yaml/renderer.js   (consider splitting)
  ·  334  docs/types/text/known/odin-lang/renderer.js   (consider splitting)
  ·  334  docs/types/media/mixer/mixer-styles-panels.css   (consider splitting)
  ·  333  tests/node_modules/playwright-core/lib/server/screenshotter.js   (consider splitting)
  ·  333  docs/games/metagame/stages/stage4/engine.js   (consider splitting)
  ·  332  docs/types/text/known/mustache-template/renderer.js   (consider splitting)
  ·  331  docs/types/text/known/mojo-lang/renderer.js   (consider splitting)
  ·  331  docs/types/text/known/jinja2-template/renderer.js   (consider splitting)
  ·  331  docs/types/text/known/awk-script/renderer.js   (consider splitting)
  ·  331  docs/types/text/known/agda-lang/renderer.js   (consider splitting)
  ·  331  docs/games/sokoban/sokoban.js   (consider splitting)
  ·  330  tests/node_modules/playwright/lib/common/test.js   (consider splitting)
  ·  330  tests/node_modules/playwright-core/lib/server/webkit/wkBrowser.js   (consider splitting)
  ·  330  docs/types/text/known/racket-lang/renderer.js   (consider splitting)
  ·  329  tests/node_modules/playwright/lib/isomorphic/testTree.js   (consider splitting)
  ·  329  docs/types/text/known/haskell-lang/renderer.js   (consider splitting)
  ·  329  docs/types/text/known/cobol-lang/renderer.js   (consider splitting)
  ·  328  docs/types/image/ascii/studio.js   (consider splitting)
  ·  328  docs/core/registry.js   (consider splitting)
  ·  327  tests/node_modules/playwright-core/lib/server/codegen/csharp.js   (consider splitting)
  ·  326  docs/types/text/known/handlebars-template/renderer.js   (consider splitting)
  ·  326  docs/types/text/json/known/package-lock/renderer.js   (consider splitting)
  ·  326  docs/games/metagame/stages/stage1/achievements1.js   (consider splitting)
  ·  325  tests/node_modules/playwright-core/lib/server/dispatchers/androidDispatcher.js   (consider splitting)
  ·  324  docs/types/text/known/idris-lang/renderer.js   (consider splitting)
  ·  324  docs/types/text/known/eiffel-lang/renderer.js   (consider splitting)
  ·  323  docs/games/metagame/stages/stage8/renderer.js   (consider splitting)
  ·  322  tests/node_modules/playwright-core/lib/server/input.js   (consider splitting)
  ·  322  tests/node_modules/playwright-core/lib/client/connection.js   (consider splitting)
  ·  322  docs/types/media/mixer/mixer-audio-playback.js   (consider splitting)
  ·  322  docs/types/image/draw-overlay.js   (consider splitting)
  ·  322  docs/types/image/ascii/webcam.js   (consider splitting)
  ·  321  tests/node_modules/playwright/lib/reporters/junit.js   (consider splitting)
  ·  320  docs/types/text/known/fish-script/renderer.js   (consider splitting)
  ·  319  tests/node_modules/playwright/lib/reporters/teleEmitter.js   (consider splitting)
  ·  319  docs/types/text/known/sql-query/renderer.js   (consider splitting)
  ·  319  docs/types/text/json/known/package-json/render.js   (consider splitting)
  ·  317  docs/types/text/yaml/known/azure-pipelines/renderer.js   (consider splitting)
  ·  317  docs/types/text/strings/renderer.js   (consider splitting)
  ·  317  docs/types/text/known/koka-lang/renderer.js   (consider splitting)
  ·  317  docs/games/metagame/stages/stage7/styles-board.css   (consider splitting)
  ·  316  docs/types/text/known/bbcode-text/renderer.js   (consider splitting)
  ·  315  docs/types/text/known/carbon-lang/renderer.js   (consider splitting)
  ·  315  docs/types/text/known/capnp/renderer.js   (consider splitting)
  ·  315  docs/types/media/renderer-mode-panels.js   (consider splitting)
  ·  315  docs/games/metagame/stages/stage1/s1shop.js   (consider splitting)
  ·  314  tests/node_modules/playwright-core/lib/client/eventEmitter.js   (consider splitting)
  ·  314  docs/types/text/env/renderer.js   (consider splitting)
  ·  314  docs/types/media/mixer/mixer-video-export-helpers.js   (consider splitting)
  ·  313  docs/types/text/known/lean-lang/renderer.js   (consider splitting)
  ·  313  docs/types/text/known/gitea-conf/renderer.js   (consider splitting)
  ·  313  docs/types/text/known/apache-conf/renderer.js   (consider splitting)
  ·  312  docs/games/metagame/stages/stage6/enemies.js   (consider splitting)
  ·  311  tests/node_modules/playwright/lib/matchers/expect.js   (consider splitting)
  ·  311  docs/types/text/known/lua-lang/renderer.js   (consider splitting)
  ·  308  tests/node_modules/playwright-core/lib/cli/browserActions.js   (consider splitting)
  ·  307  docs/types/text/known/fennel-lang/renderer.js   (consider splitting)
  ·  306  docs/types/text/known/terraform-hcl/renderer.js   (consider splitting)
  ·  305  tests/node_modules/playwright-core/lib/tools/backend/response.js   (consider splitting)
  ·  304  docs/types/text/known/alloy-lang/renderer.js   (consider splitting)
  ·  303  docs/types/text/known/lex-yacc/renderer.js   (consider splitting)
  ·  303  docs/games/2048/g2048.js   (consider splitting)
  ·  302  tests/node_modules/playwright/lib/common/fixtures.js   (consider splitting)
  ·  302  docs/types/text/known/elm-lang/renderer.js   (consider splitting)
  ·  301  tests/node_modules/playwright/lib/common/testType.js   (consider splitting)
  ·  300  docs/types/text/known/tcl-lang/renderer.js   (consider splitting)
  ·  300  docs/types/text/known/scala-lang/renderer.js   (consider splitting)
  ·  300  docs/types/ebook/djvu/renderer.js   (consider splitting)
  ·  300  docs/types/binary/lnk/renderer.js   (consider splitting)
  (advisory — informational only)
→ unit tests (move-aware diff + parsers + metadata)…
✓ identical: 3 unchanged
✓ identical: no moves/adds/removes
✓ reorder: at least one moved block
✓ reorder: no spurious add/remove
✓ reorder: move has a moveId linking endpoints
✓ moved+edited: classified moved-modified
✓ moved-modified similarity in [0.8,1): 0.92
✓ low similarity: remove + add, not a move
✓ low similarity: no move classification
✓ append: 1 added, 2 unchanged
✓ line file: moved row plus added row
✓ line file: no spurious modified/removed rows
✓ line file: moved edited row classified moved-modified
✓ line file: moved edited row is not add/remove
✓ line file: adjacent row move
✓ line file: low-similarity line is not a move
✓ line file: low-similarity line is add/remove
✓ word diff isolates the single changed word
✓ word diff keeps surrounding text unmarked
✓ word diff is lossless on both sides
✓ ID3v2.3: title/artist/album parsed
✓ ID3: non-ID3 bytes -> null
✓ EXIF: Make tag read from JPEG APP1
✓ EXIF: JPEG without EXIF -> null
✓ big-file guard: 100 MB non-media file is truncated (head-only)
✓ big-file guard: full size preserved on the intake
✓ big-file guard: only a slice is loaded (loadedBytes < size)
✓ big-file guard: head still decoded as text
✓ big-file guard: a 1 MB file is NOT truncated
✓ big-file guard: big media streams (not truncated)
✓ PalmDOC: single literal byte
✓ PalmDOC: literal run (length 3)
✓ PalmDOC: space+char shorthand (0xC0..0xFF)
✓ PalmDOC: LZ77 back-reference (dist 3, len 3)
✓ MOBI: KF8/AZW3 detected + reported (not garbled)
✓ MOBI: a version-6 book still parses
✓ MOBI metadata header: version/compression/record count read
✓ PalmDB metadata parser rejects truncated headers
✓ Comic metadata: CBZ zip magic detected
✓ Comic metadata: CBR rar magic detected
✓ Comic metadata: image pages filtered and natural-sorted
✓ ORA detect: ZIP magic + .ora extension -> 0.95
✓ ORA detect: ZIP magic + .kra extension -> 0 (not ORA)
✓ ORA detect: non-ZIP bytes + .ora extension -> 0
✓ ORA detect: non-binary intake -> 0

MOVEDIFF PASSED
comic resource bounds tests passed (initial=3, active=7)

SMOKE PASSED
harness exact-origin regressions passed
✓ heading: prefixes selected/current line
✓ heading: replaces an existing heading marker
✓ heading: applies across selected nonblank lines
✓ bold: wraps selected text and reports inner selection
✓ italic: inserts placeholder when selection is empty
✓ bold: unwraps when selection is already bold
✓ italic: unwraps when selection is already italic
✓ paste URL: selected text becomes markdown link
✓ paste URL: empty selection is left to normal paste
✓ paste URL: non-URL paste is left unchanged
✓ table: builds configurable rows and columns
✓ table sort: exposes header columns
✓ table sort: sorts selected table by text column
✓ table sort: sorts selected table by numeric column
✓ table sort: rejects non-table selection
✓ code block: wraps multi-line in fenced block
✓ inline code: wraps in single backtick
✓ code block: single-line falls back to inline code
✓ blockquote: prefixes each line
✓ bullet list: prefixes non-empty lines
✓ ordered list: numbers non-empty lines
✓ strikethrough: wraps in ~~
✓ hexToRgba: parses #ff0000 → opaque red
✓ hexToRgba: parses black
✓ hexToRgba: tolerates a missing leading #
✓ hexToRgba: defaults to red on no input
✓ floodFill: exact-match fill spreads across a uniform region (all 9 px)
✓ floodFill: writes the fill colour into the buffer
✓ floodFill: exact match stops at a hard colour edge (2 of 3 px)
✓ floodFill: leaves the out-of-region pixel untouched
✓ floodFill: out-of-bounds seed fills nothing
✓ floodFill region: fills a bounded area, not 1px and not all (24)
✓ floodFill region: does not cross the edge into the light interior
✓ floodFill perceptual: neutral-grey fill matches RGB scale (1 vs 1)
✓ floodFill feather: still fills exactly the one matched pixel
✓ floodFill feather: the filled pixel is fully opaque fill colour (interior not hollowed)
✓ floodFill feather: neighbour gets a partial halo (r=40)
✓ bgFloodFill: returns a fresh RGBA byte array
✓ bgFloodFill: makes the matched (white) region transparent
✓ bgFloodFill: leaves the distinct (dark) pixel opaque
✓ bgFloodFill: does not mutate the source data
✓ computeRegionMask: returns a per-pixel Uint8Array mask
✓ computeRegionMask: marks the connected same-colour region (not across the edge)
✓ computeRegionMask: out-of-bounds seed → null
✓ computeRegionMask: mask popcount equals floodFill count (shared walk)
✓ clipToBase: keeps the edited value inside the mask
✓ clipToBase: restores the base value outside the mask

all image-fill assertions passed
✓ rotateCW: top-left → top-right corner
✓ rotateCW: top-right → bottom-right corner
✓ rotateCW: interior point maps (H-y, x)
✓ rotateCCW: top-left → bottom-left corner
✓ rotateCCW: interior point maps (y, W-x)
✓ rotateCW then rotateCCW round-trips to the original point
✓ flipH: mirrors x about the width
✓ flipV: mirrors y about the height
✓ flipH: the centre column is fixed
✓ crop: subtracts the crop origin
✓ resize: scales x by tw/W and y by th/H
✓ expand: adds the pad to both axes
✓ unknown op → identity (point unchanged)

all image-geometry assertions passed
✓ buildLevelsLUT: 0/255/1.0 is the identity map
✓ levels: values at/under the black point → 0
✓ levels: values at/over the white point → 255
✓ levels: midpoint stretches to ~mid (128)
✓ gamma 2.0 lifts the midtone (181 > 128)
✓ gamma 0.5 deepens the midtone (64 < 128)
✓ gamma keeps the endpoints fixed
✓ levels: returns a 256-entry LUT even with bad input
✓ levels: degenerate range still maps the top to white
✓ applyLevels: remaps R/G/B through the LUT
✓ applyLevels: leaves alpha unchanged

all image-levels assertions passed
✓ buildCurveLUT: the straight diagonal is the identity map
✓ returns a 256-entry Uint8ClampedArray
✓ curve keeps the endpoints fixed (0→0, 255→255)
✓ lifted midpoint maps ~180 (180)
✓ below-mid value rides up with the lifted curve (97 > 64)
✓ monotone handles → non-decreasing LUT (Fritsch–Carlson, no overshoot)
✓ inverted curve maps 0→255 and 255→0
✓ inverted curve crosses near mid (127)
✓ unsorted handles are sorted before mapping (100)
✓ missing endpoints are extended flat from the nearest handle
✓ a single handle still returns a 256-entry LUT
✓ empty input falls back to the identity diagonal
✓ buildChannelLUTs: all-identity channels → identity per channel
✓ red curve lifts only R (r=200, g=128, b=128)
✓ master curve composes onto all channels (invert)
✓ applyChannelLUTs: per-channel mapping
✓ applyChannelLUTs: leaves alpha unchanged

all image-curves assertions passed
✓ buildKernel blur@0 = identity
✓ buildKernel sharpen@0 = identity
✓ blur@1 kernel sums to 1
✓ sharpen@1 kernel sums to 1
✓ blur@1 = Gaussian [1 2 1;2 4 2;1 2 1]/16
✓ blur on a flat field keeps the value (edge clamp, no border darkening)
✓ convolution preserves alpha
✓ blur lowers the hot center (60 < 240)
✓ blur bleeds into a neighbour (30 > 0)
✓ blur center = Gaussian-exact (60)
✓ sharpen pushes the peak higher (205 > 160)

all image-convolve assertions passed
✓ inline GIF: dimensions are 2×2 (got 2×2)
✓ inline GIF: decodes 2 frames (got 2)
✓ inline GIF: each frame is a full RGBA buffer
✓ inline GIF: frame 0 is red
✓ inline GIF: frame 1 is green
✓ inline GIF: the two frames differ
✓ inline GIF: delay parsed to ms (got 100)
✓ sample.gif: positive dimensions (243×313)
✓ sample.gif: at least one frame (got 1)
✓ sample.gif: every frame is a full RGBA buffer
• sample.gif is single-frame; multi-frame difference check skipped

all image-gif assertions passed
✓ PSD composite preserves opaque background and correctly stacked foreground layers

SMOKE PASSED
molecular camera-selection regressions passed
✓ mobile JSONL records use labeled cards without horizontal clipping
✓ mobile MIDI tracks use labeled cards with the full instrument visible
✓ mobile SARIF findings use labeled cards with wrapped messages
✓ mobile 3D toolbar wraps its summary and keeps controls in bounds
✓ mobile renderer layout run has no page errors or off-origin requests

SMOKE PASSED
✓ mobile standalone intake registers a closed drawer and tree selection returns to the viewer
✓ first desktop split relayout uses post-sidebar width
✓ mobile known/base toggle reapplies tab layout and restores both surfaces
✓ offline control stays discoverable on landing and outside renderer content at all target viewports
Core layout regressions passed.
archive lib path regressions passed
archive metadata parser tests passed
public example fixture quality tests passed
rich public example fixture tests passed
format parser hardening tests passed
torrent v2 semantics tests passed
format semantic correctness tests passed
package and certificate trust-label tests passed
asset manifest version changes when same-size asset bytes change
settings defaults: ok
registry runtime: ok
example compatibility: ok
type info: ok
metadata normalize: ok
metadata-owned: ok
✓ fmtSRT(0)
✓ fmtSRT(3661.5) — h:m:s,ms with comma
✓ fmtVTT uses a period
✓ fmtSRT sub-second ms
✓ sampleTimes(10,2) (got [0,2,4,6,8])
✓ sampleTimes(5,0.5) (got [0,0.5,1,1.5,2,2.5,3,3.5,4,4.5])
✓ sampleTimes(0,*) empty (got [])
✓ sampleTimes(*,0) empty (got [])
✓ mergeCues collapses to 2 cues
✓ first cue merged 0→4 (got [0,4,"HELLO"])
✓ last cue end = start + interval (got [6,8,"WORLD"])
✓ toSRT numbered + comma timestamps
✓ toSRT second cue
✓ toVTT header + period timestamps
✓ toText timestamped lines
✓ toJSON structured cues
✓ toSRT([]) empty
✓ toVTT([]) is just the header

all OCR unit assertions passed
✓ includes captured
✓ #define name + value
✓ displayReading return type = void
✓ displayReading params have types + names
✓ blinkLed(int times)
✓ celsiusToFahrenheit(float c)
✓ setup/loop not listed as plain functions
✓ exactly the 4 helper functions (got displayReading,checkAlert,blinkLed,celsiusToFahrenheit)
✓ const int lcdAddr = 0x27
✓ global float lastTemp = 0.0
✓ global bool alertActive
✓ locals not counted as globals
✓ DHT dht(DHT_PIN, DHT11) object
✓ LiquidCrystal_I2C lcd object

all arduino-sketch parser assertions passed
✓ package name
✓ with clauses
✓ Create_Element return type = Element_Id
✓ Create_Element first param: Name : in String
✓ Create_Element second param typed Priority_Level
✓ Distance(A, B : Point_Record) return Float
✓ Update_Status typed params
✓ enum type Status_Type
✓ record type Point_Record
✓ array type Matrix
✓ pragma captured
✓ signatures carry typed params (not name-only)

all ada-lang assertions passed
✓ module name = Demo
✓ imports captured
✓ data type Shape found
✓ Shape has constructor Circle
✓ Shape has 3 constructors
✓ Nat has zero + suc : Nat → Nat
✓ record Point found
✓ Point has fields x, y : Data.Nat.ℕ
✓ function area signature contains Shape
✓ area signature preserves unicode arrow →
✓ function add : Nat → Nat → Nat
✓ no clause/pattern lines captured as signatures
✓ postulate funext found
✓ funext type preserves unicode ≡

all agda-lang assertions passed
✓ flavor detected as NASM (got NASM)
✓ sections .data/.bss/.text captured
✓ entry label _start captured
✓ procedure labels captured
✓ local labels (.loop/.done) excluded
✓ data def msg: db "Hello, World!", 10 (directive + value)
✓ data def num: dq 42
✓ data def buffer: resb 64
✓ data def msglen: equ $ - msg
✓ global _start captured
✓ externs printf/exit captured
✓ macro PRINT captured
✓ directive BITS 64 captured
✓ top-mnemonics list is non-empty
✓ most-used mnemonic is mov (got mov)
✓ mnemonics sorted by count desc
✓ macro invocation (PRINT) not counted as an instruction
✓ instruction count is real (got 34)

all asm-lang assertions passed
✓ package Demo api
✓ Create() return type = Shape
✓ Create first param: name: String
✓ Create second param: sides: i32
✓ Area[self: Self]() -> f64
✓ Main() -> i32
✓ interface Printable
✓ Shape.name: String field
✓ Shape.sides: i32 field
✓ impl Shape as Printable
✓ signatures carry typed params (not name-only)
✓ import Math library "core"
✓ top-level let PI: f64 = 3.14159
✓ top-level var counter
✓ choice Result { Ok, Err }
✓ multi-line Clamp signature: 3 typed params -> f64

all carbon-lang assertions passed
✓ module Demo captured
✓ parallelSum return type = int
✓ parallelSum param: arr : [] int
✓ greet(name: string) typed param
✓ iter range2D(rows: int, cols: int) captured with typed params
✓ config const n
✓ config var verbose
✓ forall counted
✓ coforall counted
✓ parallel construct total
✓ signatures carry typed params (not name-only)
✓ record Point with typed fields x: real, y: real (method not counted as field)
✓ class Shape : Drawable with typed field id: int
✓ config const epsilon: real = 1e-9
✓ scale(in p: Point, factor: real): Point — intent + typed param + return type

all chapel-lang assertions passed
✓ BEGIN block detected
✓ END block detected
✓ rule count = 3 (got 3)
✓ regex rule pattern /^#/ captured
✓ whitespace regex rule captured
✓ every-line (no pattern) rule captured
✓ pad() params include s, w
✓ pad() arity = 2 (got 2)
✓ pad() local r split from params
✓ max(a, b) params captured in order
✓ built-ins FS, OFS, NF detected
✓ unused built-in NR not falsely reported
✓ printf calls counted (got 3)
✓ parseSignature splits params vs locals

all awk-script assertions passed
(using docs/examples/sample.cob)
✓ PROGRAM-ID captured: PAYROLL-CALC
✓ divisions: IDENTIFICATION, ENVIRONMENT, DATA, PROCEDURE
✓ data items: 22
✓ a data item carries a PIC-derived type (not name-only)
✓ paragraphs: MAIN-PARA, INIT-PARA, PROCESS-EMPLOYEES, CALCULATE-PAY, WRITE-REPORT-LINE, READ-EMPLOYEE, PRINT-TOTALS, CLEANUP
✓ sample PROGRAM-ID = PAYROLL-CALC
✓ all four divisions detected
✓ EMP-NAME PIC X(30) → alphanumeric
✓ EMP-HOURS PIC 9(3)V9(1) → decimal (implied decimal)
✓ WS-EOF-FLAG VALUE 'N' captured
✓ WS-OT-RATE VALUE 1.5 captured
✓ SELECT EMPLOYEE-FILE ASSIGN TO EMPFILE.DAT
✓ FD EMPLOYEE-FILE descriptor
✓ MAIN-SECTION section captured
✓ named paragraphs captured

all cobol-lang assertions passed
(using real sample: /home/jens/repos/file-viewer/docs/examples/sample.coffee)
✓ import: EventEmitter = require 'events'
✓ multiple requires captured
✓ greet = (name) -> : param + thin arrow
✓ add = (a, b) -> : params a,b
✓ multiply = (a, b) => : fat (bound) arrow
✓ class Animal (no extends)
✓ Animal has method speak
✓ class Dog extends Animal
✓ Dog constructor param: name
✓ Dog#perform is a bound (=>) method
✓ Animal constructor @name/@sound @-bound params
✓ exports list from module.exports braces
✓ callables carry named params (not name-only)

all coffeescript-lang assertions passed
✓ namespace = myapp.core
✓ require clojure.string :as str
✓ require clojure.set
✓ defn add captures params [a b]
✓ defn add arity = 2, not variadic
✓ -main is variadic with rest arg
✓ greet-person [person]
✓ process-items arity 1
✓ def app-version captured
✓ defonce request-count captured
✓ defmacro with-logging [label & body]
✓ defrecord Person [name age email]
✓ defprotocol Greetable has greet + farewell methods
✓ functions carry param names (not name-only)
✓ multi-arity defn detected (area: [r] and [w h])

all clojure-lang assertions passed
✓ Require Import list captured (qualified names intact)
✓ Module Sorting captured
✓ insert is a Fixpoint
✓ insert return type = list nat
✓ insert typed params: (x : nat) (l : list nat)
✓ inductive sorted has 3 constructors
✓ constructor sorted_cons captured
✓ insert_sorted is a Theorem
✓ insert_sorted carries its statement
✓ insert_sorted proof status = proved (Qed)
✓ Lemma sorted_nil_trivial proved
✓ definitions carry typed params (not name-only)

all coq-lang assertions passed
✓ require statements captured
✓ class Circle < Shape (kind + super)
✓ Circle#area : Float64 return type
✓ class carries member methods
✓ struct Point
✓ distance_to(other : Point) : Float64 — typed param + return
✓ abstract class Shape flagged
✓ abstract def area flagged
✓ module Utils
✓ Utils.self.clamp typed signature
✓ instance var @radius : Float64
✓ enum Color with members
✓ constant PI captured
✓ macro debug_print(expr)
✓ type alias JsonHash
✓ signatures carry typed params + return (not name-only)

all crystal-lang assertions passed
✓ package name = webservice
✓ imports captured (strings, net)
✓ definition #Service captured
✓ #Service has 5 fields
✓ #Service.port typed `int & >=1024 & <=65535`
✓ #Service.name typed string
✓ definition #Config captured
✓ #Config.logLevel keeps disjunction constraint
✓ concrete field `config` captured (not a definition)
✓ concrete `config` not misclassified as definition
✓ definition fields carry typed constraints (not name-only)
✓ inline: package captured
✓ inline: #Schema has 3 fields
✓ inline: optional field `host?: string` flagged optional + typed
✓ inline: required field `port` typed, not optional

all cue-lang assertions passed
✓ USING: imports captured
✓ IN: vocab = demo
✓ square has stack effect ( n -- n^2 )
✓ sum-of-squares has effect ( a b -- n )
✓ main has empty effect ( -- )
✓ words carry stack-effect signatures
✓ tuple point has slots x y
✓ tuple rect has slots
✓ constant max-iterations = 1000
✓ symbol +done+ captured
✓ fixture USING + IN
✓ GENERIC: area captured
✓ SYMBOLS: multi captured
✓ fixture word add2 effect
✓ tuple inheritance ( circle < shape )

all factor-lang assertions passed
✓ require lume captured as a local binding
✓ require dkjson aliased as json
✓ at least 3 requires
✓ make-scene arity = 4
✓ make-scene param names captured in order
✓ make-scene docstring captured
✓ clamp [val min-val max-val] params
✓ lambda make-vec2 [x y] arity 2
✓ functions carry named params (not name-only)
✓ local binding default-config
✓ var declarations captured
✓ macro with-scene captured (variadic)
✓ import-macros module captured
✓ loop constructs counted

all fennel-lang assertions passed
✓ module name = samples.animals
✓ std import std.stdio
✓ local import animals.base
✓ formatAnimal return type = string
✓ formatAnimal param: const Animal a
✓ classify return type = AgeGroup
✓ main return type = void
✓ class Animal
✓ Animal field name : string
✓ Animal field _age : int
✓ Animal method isAdult
✓ class Bird : Animal, Behaviour (base list)
✓ interface Behaviour with method canFly
✓ struct AnimalStore
✓ AnimalStore field _items : T[]
✓ findBySpecies(string species) returns T[]
✓ enum AgeGroup members [Juvenile, Adult, Senior]
✓ template maxBy
✓ signatures carry typed params (not name-only)
✓ aggregates carry typed fields

all d-lang assertions passed
✓ functions found (5)
✓ plain functions captured
✓ deploy carries its --description
✓ on_exit --on-event fish_exit captured
✓ set -gx PATH → scope=global, exported
✓ set -g EDITOR → scope=global, not exported
✓ set -l project_root → scope=local
✓ alias ll → "ls -la"
✓ abbr gco → git checkout
✓ source inclusion captured
✓ --argument-names parsed into argNames[]
✓ inline --description parsed
✓ inline set -gx FOO global+export
✓ functions carry real structure (not name-only)

all fish-script assertions passed
✓ captured word definitions (6)
✓ SQUARE carries stack effect ( n -- n*n )
✓ FACTORIAL carries stack effect ( n -- n! )
✓ COUNTDOWN carries stack effect ( n -- )
✓ word definitions carry stack effects (not name-only)
✓ VARIABLE counter captured
✓ CONSTANT answer = 42 captured with value

words=6 vars=1 consts=1 values=0 creates=0 includes=0

all forth-lang assertions passed
(real sample: /home/jens/repos/file-viewer/docs/examples/sample.e)
✓ class name (got GREETER)
✓ not a deferred class
✓ inherits ANY (got [ANY])
✓ creation procedure make (got [make])
✓ greet is a procedure
✓ greet (name: STRING) — typed arg
✓ query add returns INTEGER
✓ add (a, b: INTEGER) — two typed args expanded
✓ require blocks >= 2 (got 2)
✓ ensure blocks >= 2 (got 2)
✓ signatures carry typed params (not name-only)

all eiffel-lang assertions passed
✓ module name = Main
✓ import List from "immutable/list"
✓ from "string" import { concat, length }
✓ greet(name: String) — typed param
✓ greet marked provided (export)
✓ distance(p1: Point, p2: Point) — two typed params (brace body)
✓ colorName(c: Color) — typed param (match body)
✓ functions carry typed params (not name-only)
✓ record Point { x: Number, y: Number } — typed fields
✓ record Person { name: String, age: Number }
✓ enum Color { Red, Green, Blue } — cases captured
✓ counts: 2 records, 1 enums, 3 functions
✓ inline: module Geo
✓ inline: include form
✓ inline: provide let scale(p: Point, k: Number): Point — provided + return type
✓ inline: type alias Coord = Number

all grain-lang assertions passed
✓ terminal = pngcairo
✓ output = plot.png
✓ set xlabel key/value carries "Time (days)"
✓ set title key/value
✓ many set options captured
✓ function f has param x
✓ function f body carries expression (sin)
✓ envelope(x, k) — two params
✓ variable a = 5
✓ variable period = 24.0
✓ scalar a not misclassified as a function
✓ plot data.csv using 1:2 with lines title "Sensor 1"
✓ plot of function f(x) title "model"
✓ splot grid.dat using 1:2:3 (;-separated command)
✓ load common.gp
✓ call finish.gp

all gnuplot-script assertions passed
✓ module name = Main
✓ module exposes main
✓ import Browser
✓ import Html.Attributes as Attr
✓ import Html exposing (...) parsed
✓ update params [Msg, Model]
✓ update returns Model
✓ view : Model -> Html Msg
✓ Model alias has 2 fields
✓ Model.count : Int
✓ Model.label : String
✓ Msg has 3 variants
✓ Msg variants named
✓ TEA type = Browser.sandbox
✓ signatures carry params + return (not name-only)

all elm-lang assertions passed
✓ module MyApp.Calculator
✓ def add(a, b): param names captured
✓ add/2 public, arity 2
✓ defp validate_number marked private
✓ validate_number guard (when) detected
✓ format_result({:ok, val}) arity 1 (paren/brace-aware split)
✓ alias directive
✓ import directive
✓ use directive
✓ both def and defp present
✓ defstruct fields [:name, age: 0] → name, age
✓ @spec add(integer, integer) :: integer
✓ @callback handle captured
✓ @behaviour captured
✓ require directive
✓ defmacro my_macro/1
✓ defp helper guard detected

all elixir-lang assertions passed
✓ use imports: str, path, re
✓ fn greet captures positional arg `name`
✓ fn deploy captures positional arg `env`
✓ fn build captures option `&release=$false`
✓ functions carry lambda args (not name-only)
✓ var declaration project-root
✓ nested var declaration branch
✓ set edit:prompt captured
✓ edit: binding flagged

all elvish-script assertions passed
✓ knots captured (9)
✓ knot: start
✓ knot: lighthouse_exterior
✓ stitches nested under village_inn
✓ stitch count (3)
✓ function clamp_suspicion(val, min_val, max_val) with params
✓ function not double-counted as a knot
✓ VAR suspicion = 0
✓ VAR playerName = "Alex" (value preserved)
✓ INCLUDE files
✓ choices counted (9)
✓ divert targets captured (incl. END)
✓ structure carries stitches + typed-ish params (not name-only)

all ink-script assertions passed
✓ module name
✓ export list incl Tree(..) + insert
✓ regular import Data.List (sort, ...)
✓ qualified import Data.Map.Strict as Map
✓ insert has signature + context (Ord a)
✓ insert :: a -> Tree a -> Tree a (3 parts, returns Tree a)
✓ search returns Maybe (Tree a) — paren-aware split
✓ functions carry real signatures (not name-only)
✓ data Tree = Leaf | Node (constructors)
✓ data RoseTree constructor RoseNode
✓ newtype SizedList with field unSized
✓ type alias Index
✓ class Container methods
✓ Container.member :: ... -> Bool signature
✓ class TreeFunctor method mapTree
✓ instances Container Tree + Functor Tree

all haskell-lang assertions passed
✓ module name = Main
✓ imports captured
✓ shapeArea signature = Shape -> Double (got: Shape -> Double)
✓ shapeArea is total (annotation attached to signature)
✓ largest : List Shape -> Shape (partial)
✓ eval and main signatures captured
✓ Shape is an ADT
✓ Shape constructors = Circle/Rectangle/Triangle (got: Circle,Rectangle,Triangle)
✓ Expr is a GADT (data ... : Type -> Type where)
✓ Expr constructors = IntLit/BoolLit/Add (got: IntLit,BoolLit,Add)
✓ interface HasArea captured
✓ HasArea has method area : a -> Double
✓ record Figure constructor = MkFigure
✓ Figure typed fields (label/shape)
✓ implementation HasArea Shape captured
✓ signatures carry real types (not name-only)

all idris-lang assertions passed
✓ module name = myapp
✓ import spork/misc :as misc (spec + alias)
✓ import json
✓ use judge
✓ add-nums is a public defn
✓ add-nums params = [a b]
✓ add-nums arity = 2
✓ add-nums docstring captured
✓ greet params = [name], arity 1
✓ main is variadic ([& args])
✓ private-helper flagged private (defn-)
✓ private-helper params = [x]
✓ macro when-positive captured (variadic body)
✓ macro with-logging captured
✓ def PI = 3.14159265
✓ def MAX-RETRIES binding
✓ var *global-count* binding
✓ functions carry param vectors (not name-only)
✓ nested def inside macro body not captured as top-level

all janet-lang assertions passed
✓ module name = Demo
✓ fib(n : int) typed param
✓ fib returns int (no effect)
✓ greet(name : string) typed param
✓ greet : console () (effect + return)
✓ runConsole higher-order param type kept whole
✓ four top-level functions (effect ops not counted)
✓ effect Console with operations
✓ signatures carry typed params (not name-only)
✓ import std/core captured
✓ aliased import captured
✓ type color with 3 constructors
✓ add(a:int,b:int):int (brace form)
✓ val pi = 3.14159
✓ pub val tau : double
✓ alias name = string

all koka-lang assertions passed
✓ imports captured
✓ namespace Demo
✓ def greet return type = String
✓ def greet param: name : String (typed, not name-only)
✓ def fibonacci return type = Nat → Nat (unicode)
✓ theorem add_comm typed params (n m : Nat)
✓ theorem add_comm statement + proved
✓ lemma add_comm' statement carries ∀ (unicode)
✓ theorem hard_theorem flagged incomplete (sorry)
✓ inductive Color with constructors red | green | blue
✓ structure Point field x : Float (typed)
✓ class Describable captured
✓ instance : Describable Color captured
✓ definitions carry typed params (not name-only)

all lean-lang assertions passed
✓ requires captured: json, utils.helpers, socket.http
✓ global function greet(who) — param name captured
✓ method Animal:speak() — owner + method flag (implicit self)
✓ method Animal:new(name, sound) — param names + arity
✓ local function clamp(value, min, max) — local flag + params
✓ local variables captured (config, json)
✓ table assignment Animal.__index captured
✓ module return table detected
✓ vararg fn fmt(prefix, ...) — vararg flag set, ... excluded from params
✓ inline M:run — owner M + method flag
✓ require "mod" (no parens) captured

all lua-lang assertions passed
✓ require! prelude-ls captured
✓ require! fs captured
✓ greet = (name) -> : param name + unbound
✓ readFileAsync = (path, cb) -> : both param names
✓ addLogger = (prefix) ~> : bound (fat arrow)
✓ class Animal has method speak
✓ Animal constructor captures @name param
✓ class Dog extends Animal
✓ Dog.learn(trick) : method WITH param name
✓ Dog.perform is bound (~>)
✓ constant doubled captured
✓ module.exports names captured
✓ functions carry param names (not name-only)

all livescript-lang assertions passed
✓ parse-version [version_str: string] — typed positional captured
✓ build --release (-r) flag + short captured
✓ build --target (-t): string = "x86_64" — typed flag with default
✓ deploy is an exported (public) command
✓ deploy env: string positional
✓ deploy --dry-run boolean flag
✓ at least 2 exported commands
✓ let project_root binding
✓ mut retry_count binding
✓ use std import
✓ use ./utils.nu [format-date, slugify] with items
✓ alias ll captured
✓ signatures carry typed params (not name-only)

all nushell-script assertions passed
✓ imports: strutils, sequtils, math
✓ proc distance returns float
✓ distance(a, b: Point) — shared type on two params
✓ func greet(name: string): string
✓ iterator countUp(n: int): int
✓ routine bodies skipped (no leaked locals)
✓ type Point is object
✓ Point object fields x, y: float (shared type)
✓ enum Color values red, green, blue
✓ const PI_APPROX = 3.14159
✓ signatures carry typed params (not name-only)

all nim-lang assertions passed
✓ framework import Foundation captured
✓ project import Animal.h captured
✓ @implementation Animal
✓ @implementation AnimalStore
✓ multi-part selector initWithName:species: captured
✓ init returns instancetype, instance method
✓ init param[0] = (NSString *)name
✓ init param[1] = (NSString *)species
✓ class method defaultAnimals returns NSArray<Animal *> *
✓ isEqualToAnimal: (BOOL) with (Animal *)other
✓ method owner = Animal
✓ methods carry typed params (not name-only)
✓ @interface Foo : NSObject (superclass)
✓ Foo adopts <NSCopying, Greeter>
✓ @protocol Greeter <NSObject>
✓ property title type = NSString *
✓ property title attributes nonatomic, strong
✓ property count = (readonly) NSInteger
✓ greet: (NSString *) with (NSString *)name
✓ + fooWithTitle: returns instancetype
✓ C function MakeGreeting(NSString *name, NSInteger times) -> NSString *

all objc-lang assertions passed
✓ opens: List + Printf
✓ variant 'a tree has constructors Leaf | Node
✓ Node constructor carries an `of` payload type
✓ let rec insert has param x
✓ let rec factorial has param n
✓ exception Empty_tree of string
✓ external c_strlen : string -> int
✓ let () = entry point detected
✓ functions carry params (not name-only)
✓ add has 2 params
✓ add param a typed int
✓ add param b typed int
✓ add return type annotated int
✓ a function carries a TYPED param (not name-only)
✓ variant shape = Circle of float | Square of float
✓ record point has 2 fields
✓ record point fields typed float
✓ module Geometry captured
✓ val area : shape -> float
✓ both val signatures captured

all ocaml-lang assertions passed
✓ unit name = Greeter
✓ uses clause imports
✓ function Add returns Integer
✓ Add shared-type params A, B: Integer
✓ function Distance returns Real
✓ Distance(const P, Q: TPoint)
✓ procedure Greet(const Name: string)
✓ procedure ResetCount (no params)
✓ constructor captured
✓ record type TPoint
✓ TPoint fields: X, Y: Real and Color: TColor
✓ enum type TColor (clRed, clGreen, clBlue)
✓ class TPerson(TObject)
✓ const MaxItems = 100
✓ const Version: string typed
✓ var GlobalCount: Integer
✓ signatures carry typed params (not name-only)

all pascal-lang assertions passed
(using inline fixture; no docs/examples Perl sample)
✓ package My::Mod captured
✓ use strict import
✓ use My::Helper import
✓ require Carp import
✓ sub add params recovered from my (...) = @_  ->  $a, $b
✓ sub greet params recovered from shift idiom  ->  $name, $greeting
✓ sub typed params from signature  ->  $x, $y
✓ at least one sub carries recovered params (not name-only)
✓ our $VERSION variable
✓ my $threshold variable
✓ POD presence detected
✓ subs attributed to package My::Mod

all perl-lang assertions passed
✓ module name = animals
✓ module exports include animal/2
✓ use_module captured (lists, aggregate)
✓ animal/2 = 7 facts, 0 rules
✓ mammal/1 = 4 facts, 0 rules
✓ can_fly/1 = 1 rule + 1 fact
✓ vertebrate/1 = 5 rules
✓ describe/2 = 1 rule (arity from multi-line head)
✓ DCG rule sentence//0
✓ all DCG rules captured (>= 6)
✓ every predicate carries a numeric arity (name/arity signature)

all prolog-lang assertions passed
✓ module name = Data.Sample
✓ imports captured (8)
✓ import Data.String as String → alias captured
✓ import list items captured (Data.Maybe)
✓ distance signature = Point -> Point -> Number
✓ distance split on -> into 3 parts, returns Number
✓ distance paired with its equation
✓ validateEmail :: String -> Maybe Email
✓ data Shape has 3 constructors
✓ Shape constructors: Circle, Rectangle, Triangle
✓ Circle carries args (Point Number)
✓ newtype Email = Email String
✓ class Renderable has method render :: a -> String
✓ class HasArea has method area :: a -> Number
✓ type Config record has 3 fields
✓ Config field port :: Int
✓ instance Renderable Shape captured
✓ functions carry real signatures (not name-only)

all purescript-lang assertions passed
✓ library() imports captured
✓ require() import captured
✓ summarize_vector has 2 params
✓ first param x, no default
✓ param na.rm = TRUE (name + default)
✓ clip has 3 params
✓ clip defaults lo=0, hi=1
✓ simple_lm(x, y) no defaults
✓ constant CONFIDENCE_LEVEL <- 0.95
✓ constant SEED captured as numeric
✓ function-body locals not captured as top-level
✓ data.frame assignment kind
✓ signatures carry defaults (not name-only)

all r-lang assertions passed
✓ #lang racket detected
✓ not typed racket
✓ require modules
✓ provide exports
✓ struct stack has field: items
✓ stack-push(s item) — arity 2, named params
✓ process-items(items transform filter-pred) — arity 3
✓ make-stack() — zero params
✓ factorial(n) parsed from define/contract with contract flag
✓ compose(. fns) — dotted rest captured
✓ curry(f . args) — fixed + rest params
✓ define-syntax macros: while, swap!
✓ value defines (app-version, max-iterations, default-timeout)
✓ value define NOT misclassified as a function
✓ functions carry param lists (not name-only)

all racket-lang assertions passed
✓ header Title = "Demo"
✓ header Author = "User"
✓ header Version = 1.0.0
✓ header Purpose captured
✓ greet is a func
✓ greet arg word = name
✓ greet arg type hint = string!
✓ factorial arg word = n
✓ factorial arg type hint = integer!
✓ person is a context
✓ math-utils is an object
✓ object methods not leaked as top-level functions
✓ functions carry typed arg words (not name-only)

all red-lang assertions passed
✓ opens Belt + React
✓ module AnimalUtils captured
✓ make is a function
✓ make param names = name, sound
✓ make params typed string
✓ make params are labeled (~)
✓ add(a, b) params captured
✓ defaultDog is a value, not a function
✓ type animal is a record
✓ animal.name: string field
✓ animal.alive: bool field
✓ type dogTrick is a variant
✓ dogTrick constructors Sit/Shake/Roll
✓ external alert: string => unit
✓ functions carry typed params (not name-only)

all reason-lang assertions passed
✓ package name = com.example.demo
✓ imports captured
✓ distanceBetween return type = Double
✓ distanceBetween typed params (a: Point, b: Point)
✓ circleArea(c: Circle): Double
✓ Point kind = case class
✓ Point ctor params typed (x: Double, y: Double)
✓ Circle ctor references Point
✓ object Main extends App
✓ trait Shape
✓ trait member def area: Double
✓ member val p1 captured
✓ local body val dx NOT captured (depth-filtered)
✓ defs carry typed params (not name-only)

all scala-lang assertions passed
✓ opens Belt and React
✓ make is a function with 2 params
✓ make first param ~name: string (labeled, typed)
✓ make second param ~sound: string
✓ make carries @react.component decorator
✓ add(a, b) positional params
✓ greet(name) single param
✓ defaultDog is a value (not fn)
✓ makeAnimal captured inside module AnimalUtils
✓ module AnimalUtils captured
✓ type animal is a record with 3 fields
✓ animal.name: string field typed
✓ animal.alive: bool field typed
✓ type dogTrick variant Sit|Shake|Roll
✓ external alert: string => unit = "alert"
✓ external createElement carries @module("react") @val
✓ JSX / React component detected
✓ a function carries typed params (not name-only)
✓ a type carries fields/constructors (not name-only)

all rescript-lang assertions passed
✓ classes Animal and Dog found
✓ Dog < Animal (superclass captured)
✓ Animal has no superclass
✓ Animal#initialize nested with arity 3
✓ initialize: name is required positional
✓ initialize: age = 0 captured as optional with default 0
✓ to_json(*args): splat param captured
✓ internal_id is private
✓ compare_age is protected
✓ Dog#fetch(item) nested under Dog
✓ speak exists on Animal
✓ Serializable.included detected as class (self.) method
✓ serialize detected as instance method
✓ modules Greeter and Formatter found
✓ Formatter#format_name nested under Formatter
✓ ClassMethods#from_json nested under nested module
✓ attr_accessor :name captured
✓ attr_reader :species captured
✓ attr_writer :habitat captured
✓ attrs also attached to their class
✓ include Greeter::Formatter captured
✓ extend Comparable captured
✓ require json captured
✓ require_relative utils/helpers captured
✓ VERSION constant captured
✓ VERSION attached to its module
✓ methods carry params (not name-only)

all ruby-lang assertions passed
✓ define-library name = "sample math"
✓ imports captured as specs
✓ exports captured
✓ gcd-extended params (a b)
✓ factorial param (n)
✓ make-rational params (num den)
✓ fold-left lambda-define → function with params (f init lst)
✓ fold-left is NOT misclassified as a value
✓ value defines captured
✓ pi is a value, not a function
✓ functions carry parsed params (not name-only)
✓ dotted-rest params (first . rest)
✓ full-variadic lambda (. args)
✓ define-syntax macro captured
✓ record fields (x y) parsed positionally
✓ require import captured
✓ string-literal content not parsed as a define

all scheme-lang assertions passed
✓ auto-print detected as on (no -n)
✓ parsed many commands (17)
✓ parsed substitutions (6)
✓ found ISO-timestamp substitution by replacement
✓ timestamp substitution flags = g
✓ timestamp substitution pattern captured
✓ found log-level substitution with \U\1 replacement and gI flags
✓ CRLF-strip substitution has empty replacement
✓ found range-addressed delete 1,5d
✓ found regex-addressed TRACE delete
✓ transliterate uppercase → lowercase
✓ label "done" defined
✓ branch b → label "done"
✓ block grouping captured (1)
✓ append command captured its text body ("---")
✓ every command has a description
✓ substitutions carry parsed pattern/replacement/flags (not name-only)
✓ addressed commands carry a parsed address distinct from raw

all sed-script assertions passed
✓ fun greet has param "name"
✓ add: curried typed params (x: int) (y: int)
✓ add return type = int
✓ factorial parsed as 2 clauses
✓ fibonacci parsed as 3 clauses
✓ datatype color: Red | Green | Blue
✓ datatype tree has type variable 'a
✓ tree has nullary constructor Leaf
✓ tree Node of 'a * 'a tree * 'a tree (typed)
✓ type point = int * int
✓ type 'a stack = 'a list
✓ val pi : real (typed)
✓ val square : real -> real (function-typed val)
✓ structure Main captured
✓ structure Math : MATH (signature ascription)
✓ signature MATH captured
✓ functor MakeSet captured
✓ open List captured
✓ functor-parameter decls not leaked as top-level
✓ functions carry typed signatures (not name-only)
✓ datatypes carry typed constructors (not name-only)

all sml-lang assertions passed
✓ found 2 classes (got 2)
✓ class Vector has no base
✓ Vector.constructor(x, y) params
✓ Vector.length() no params
✓ Vector.toString() method captured
✓ Vector members x, y
✓ class Matrix extends Vector (base captured)
✓ Matrix.constructor(x, y, z) params
✓ found 3 free functions (got 3: add,multiply,greet)
✓ free function add(a, b)
✓ free function multiply(a, b)
✓ free function greet(name)
✓ class methods are NOT reported as free functions
✓ :: global declarations captured
✓ declarations carry param lists (not name-only)
✓ enum Color members parsed (incl. = value)
✓ const MAX_PLAYERS = 100
✓ spawn(kind, count = 1, ...) — default arg + varargs
✓ inline class Player extends Entity
✓ method default arg dmg = 10

all squirrel-lang assertions passed
✓ imports captured
✓ Coordinate is a struct
✓ Coordinate : Codable, Equatable
✓ Coordinate.latitude: Double
✓ Coordinate.isValid computed Bool
✓ MapViewModel class : ObservableObject
✓ MapViewModel init(provider: LocationProvider)
✓ distance(...) -> Double?
✓ distance external label "to", internal "dest", type Coordinate
✓ fetchLocation() is async
✓ TransportMode enum : String, CaseIterable, Codable
✓ TransportMode has 4 cases incl. walking
✓ protocol method requestPermission() async throws
✓ extension Coordinate captured
✓ no spurious cases on non-enum types (switch cases not leaked)
✓ functions carry typed params (not name-only)

all swift-lang assertions passed
✓ ::app::sayHello param "name"
✓ ::app::parseConfig param "data"
✓ ::app::loadConfig param "path"
✓ ::app::init grouped under ::app
✓ ::app namespace groups its procs
✓ ::app group includes simpleName sayHello
✓ ::app::ui groups buildWindow
✓ ::app namespace variable "version" captured
✓ package require Tcl + Tk
✓ package provide SampleApp 1.0
✓ source includes captured
✓ exactly 5 procs (no body-command false positives)
✓ global variable configPath
✓ inner proc-body "set frame" not leaked as variable
✓ procs carry params (not name-only)
✓ default param {c 1} → c=1 and args varargs

all tcl-lang assertions passed
✓ usings: GLib, Gtk
✓ class Hello detected
✓ class Hello has base : Object
✓ property name carries type string
✓ property name access public
✓ property name accessors get/set
✓ constructor Hello(string name)
✓ method greet() -> void, public
✓ main() return int, public
✓ main() is static
✓ main(string[] args) typed param
✓ interface Greeter detected
✓ interface abstract method greet()
✓ enum Color detected
✓ enum Color members RED/GREEN/BLUE
✓ methods carry typed params (not name-only)
✓ namespace App detected
✓ struct Point with typed field x:int
✓ class Stack generics <G>
✓ class Stack bases Object, Gee.Iterable<G>
✓ signal changed(int count)
✓ property size:int (with private set accessor)
✓ push() owned G param modifier
✓ push() ref param + throws IOError
✓ static map<T>() with out param
✓ errordomain MyError members
✓ namespace function helper(int a, string b) typed params
✓ namespace function helper param has a default value

all vala-lang assertions passed
✓ library IEEE
✓ use clauses captured
✓ entity counter4bit found
✓ generic WIDTH : integer := 4
✓ counter4bit has 5 ports
✓ port clk : in STD_LOGIC
✓ port count : out STD_LOGIC_VECTOR(3 downto 0) (ranged type)
✓ entity adder8bit has 5 ports
✓ adder8bit port a : in STD_LOGIC_VECTOR(7 downto 0)
✓ architecture behavioral of counter4bit
✓ behavioral declares 3 signals
✓ signal count_reg typed STD_LOGIC_VECTOR(3 downto 0)
✓ behavioral has 2 processes
✓ architecture dataflow of adder8bit with signal temp
✓ ports carry mode + type (not name-only)

all vhdl-lang assertions passed
✓ two modules parsed (got 2)
✓ module counter found
✓ counter has 5 ports (got 5)
✓ port clk: input wire
✓ port count: output reg [3:0] (direction + type + width)
✓ port overflow: output wire
✓ parameter WIDTH = 4
✓ localparam MAX_COUNT captured
✓ counter: 1 always block with posedge clk sensitivity
✓ counter: 1 continuous assign (got 1)
✓ module mux2to1 found
✓ mux2to1 has 4 ports (got 4)
✓ mux2to1: 3 internal wire signals (nsel/sel_a/sel_b)
✓ internal signal nsel captured
✓ mux2to1: 4 continuous assigns (got 4)
✓ every port carries a real direction (not name-only)
✓ at least one port carries a bit-width range

all verilog assertions passed
✓ BeginPackage context = VectorTools`
✓ Needs["Developer`"] captured
✓ BeginPackage dependency context captured
✓ usage message for normalize
✓ usage text captured
✓ dotProduct param names a, b parsed from pattern
✓ dotProduct params typed _List
✓ dotProduct uses SetDelayed (:=)
✓ dotProduct flagged public (has ::usage)
✓ scale factor_:1 default parsed
✓ clamp x_?NumericQ test parsed
✓ clamp lo/hi defaults parsed
✓ clamp flagged private (no ::usage)
✓ magnitude uses Set (=) with _List param
✓ plain value assignments excluded from definitions
✓ Options[normalize] names captured
✓ SetAttributes captured
✓ definitions carry parsed pattern params (not name-only)

all wolfram-lang assertions passed
✓ import "math" for Math
✓ import "io" for File, Directory
✓ class Animal (no base)
✓ class Dog is Animal (base captured)
✓ class Vector is Sequence (base captured)
✓ construct new(name, sound) — kind=constructor, params captured
✓ learnTrick(trick) — kind=method, param name captured
✓ speak() — zero-arg method
✓ name { _name } classified as getter
✓ static breed { ... } — static getter
✓ static zero — static member
✓ x=(value) classified as setter
✓ x { _x } getter present alongside x= setter
✓ +(other) classified as operator
✓ ==(other) classified as operator
✓ [index] subscript classified as operator
✓ foreign fetch(item) — foreign flag + param captured
✓ top-level vars PI, greeting, dog
✓ inner constructor assignments not parsed as members (brace-depth aware)
✓ members carry param names (not name-only)
✓ multiple member kinds distinguished (getter/setter/method/operator/constructor)

all wren-lang assertions passed
✓ import std → "std"
✓ import math → "std"
✓ add is pub
✓ add params: a: i32, b: i32
✓ add returns i32
✓ divide returns !f64
✓ main returns !void
✓ fibonacci(n: u32) u64
✓ Point is a struct type
✓ Point fields x: f64, y: f64
✓ Point.distance(self: Point, other: Point) f64
✓ MathError error set members
✓ fn-body consts not leaked top-level
✓ no spurious types from fn bodies
✓ test blocks captured by name
✓ comptime block inside main not counted as top-level
✓ signatures carry typed params (not name-only)

all zig-lang assertions passed
✓ parsed functions (7)
✓ mkcd parsed from `function` form
✓ mkcd detects positional $1
✓ mkcd detects local `dir`
✓ backup parsed from posix `name()` form
✓ backup detects positionals $1 and $2 (incl. ${2:-default})
✓ backup detects $@ (all args)
✓ backup detects locals src, dest, count (local + typeset)
✓ deploy detects positionals $1, $2
✓ fzf widget: ${#BUFFER} not misread as $#
✓ fzf widget detects local `cmd`
✓ function-body commands not misparsed as functions
✓ aliases parsed (4)
✓ alias ll = 'ls -lah'
✓ alias gs = git status (quote-stripped)
✓ setopt AUTO_CD (enabled)
✓ setopt EXTENDED_GLOB on same line
✓ unsetopt BEEP (disabled)
✓ export EDITOR=nvim
✓ export PATH (with value)
✓ local HISTFILE has scope=local
✓ typeset -i HISTSIZE has scope=typeset
✓ plugins=( … ) detected as array
✓ arrays captured
✓ autoloads captured (flags stripped)
✓ source/. inclusions captured (2)
✓ bindkey ^R → fzf-history-widget
✓ zle -N widget captured
✓ compdef completions captured (2)
✓ functions carry detected positionals/locals (not name-only)

all zsh-script assertions passed
✓ module name = MyApp.Domain
✓ opens captured
✓ union Shape found
✓ Shape cases: Circle, Rectangle, Triangle
✓ Circle carries `of ... float`
✓ Rectangle carries a tuple payload
✓ record Person found
✓ Person has 3 fields
✓ Person.Name: string
✓ Person.Age: int
✓ function main captured with param argv
✓ attribute [<EntryPoint>] counted
✓ async block counted
✓ inline: function add found
✓ inline: add has 2 params
✓ inline: add param a: int (typed)
✓ inline: add param b: int (typed)
✓ inline: add return type = int (typed)
✓ inline: union Shape2 = Circle of float | Square
✓ inline: record Point { X: float; Y: float } typed fields
✓ signatures carry typed params (not name-only)

all fsharp-lang assertions passed
✓ module name = FileSystem
✓ sigs File, Directory, Root captured
✓ Directory has 1 field
✓ Directory field name = contents
✓ Directory field multiplicity = set
✓ Directory field type references File
✓ Root extends Directory
✓ Root multiplicity = one
✓ pred reachable has 2 params
✓ reachable param f: File
✓ reachable param d: Directory
✓ two facts captured (NoSelfContainment, RootNotContained)
✓ assertion AllFilesReachable
✓ check AllFilesReachable
✓ run reachable
✓ open import captured
✓ fun parent returns Person
✓ fun parent param p: Person
✓ fun grandparents returns "set Person"
✓ fun grandparents shared param "p, q: Person"
✓ abstract sig Person captured

all alloy-lang assertions passed
→ smoke test: core areas (headless Chromium, zero off-origin)…
✓ asset-manifest covers every file (5087) — offline precache complete
✓ asset-manifest grouped into 49 sized bundles (Monaco flagged heavy)
✓ ffmpeg bundle present and flagged heavy (~23 MB, opt-in)
✓ asset-manifest splits examples and easter eggs into selectable bundles
✓ sw.js: version stamped (39d40f139cf5), per-version cache, gated skipWaiting + skip-waiting msg + stale-cache cleanup
✓ offline.js wires the update banner (updatefound → prompt → skip-waiting → reload) + .update-banner CSS present
✓ page loaded
✓ status badge identifies the release as Public beta
✓ cold open: file opened on the empty shell before warm-up renders correctly (spinner cleared)
✓ window.__fv ready after background init; window.__fvReady resolves
✓ offline pill shown on load (resting state, not gated on SW controller)
✓ inline anti-FOUC theme script present in <head>
✓ favicon present and served same-origin
✓ startup is lazy (no editor mounted before opening a file)
✓ Monaco not preloaded before opening a file
✓ whole-page drop affordance toggles on a file drag (and clears on leaving the window)
✓ whole-page drop affordance ignores tree-to-workspace drags
✓ examples grouped by category (15 groups: Documents, Ebook, Office, Text, Data, Config, Code, Image, Media, 3D, Archive & Binary, Secrets, Binary, Emulator, Other)
✓ examples omit duplicate category filter chips
✓ sample files expose hover descriptions
✓ large text file shows loading feedback while bytes are read
✓ large text file loading feedback clears after open
✓ Monaco raw editor mounted
✓ markdown rendered in sandboxed iframe
✓ default preview width is A4-like (820px)
✓ wide Markdown tables stay constrained inside the preview width
✓ metadata drawer links to file-type information
✓ metadata drawer includes generic text facts
✓ source map present (4 mapped blocks)
✓ magic selector highlighted raw line
✓ export button shown for an HTML preview
✓ export menu offers Print / Save as PDF
✓ export menu offers Download as HTML
✓ preview exported as standalone HTML (welcome.html)
✓ preview exported as a valid .docx (OOXML zip)
✓ DOCX embeds data-URL image as an inline picture (media + rel + drawing)
✓ template helper: {{}} escapes, {{&}} raw, .html partials load same-origin
✓ iframe sandbox = allow-scripts only
✓ dark Markdown iframe refresh keeps dark background through replacement
✓ per-file persistence: fingerprint stable + save/update/load/clear round-trip
✓ preview screenshot captured (PNG)
✓ settings render by category (Companion ○ not found, Preview, Preview — advanced, Editor, Editor — advanced, General, Advanced)
✓ companion download panel orders source, checksum, then release download
✓ companion panel qualifies source review, checksum integrity, and unsigned warnings without a not-malware claim
✓ companion panel collapsed by default
✓ preset applied to preview (maxWidth=680px)
✓ preset dropdown reflects selection
✓ manual edit -> Custom preset
✓ settings show an info hint per option (37)
✓ type dropdown filtered to matches by default (1)
✓ clicking a setting label toggles its checkbox
✓ "show all types" reveals every type (1 -> 144)
✓ settings expose an Advanced group
✓ settings remember group open state within the session
✓ reduce-motion toggle sets the root class
✓ reduce-motion toggle clears the root class
✓ heavy package enable shows an enabled reload-to-apply button (no-download case)
✓ disabling a heavy package removes the reload affordance
✓ edit tracked vs original (isDirty)
✓ standard Monaco diff editor mounted
✓ diff shows inserted change (6 markers)
✓ switching back to current hides diff editor
✓ original view shows the pristine text (edit not present)
✓ original is read-only (typing rejected)
✓ switching original→current recovers the edit unchanged
✓ move-aware view classified moved block(s)
✓ move arrow drawn (2)
✓ word-level diff highlights only the changed word (["Veiwer"])
✓ word-level diff marks the removed word on the original side
✓ split divider drag resized preview pane (340 -> 449px)
✓ divider linked to Preview width setting (449px)
✓ split divider drags across Monaco diff editor (340 -> 449px)
✓ inline open button returns to file/folder picker
✓ left file typed as env
✓ #compareBtn visible for .env (reachability fix)
✓ Merge mode button present for env pair
✓ text Diff disabled for env pair (secret-safe)
✓ rows categorized: 1 equal, 2 conflict, 2 only-left, 2 only-right
✓ conflict defaults to right (picked file)
✓ secret values never appear in the overlay DOM
✓ secret cells rendered masked (3)
✓ “Transfer all missing” includes every only-right row
✓ combined output preserves left order then appends right-only
✓ combined output carries the REAL secret for the chosen side (masked in DOM)
✓ conflict resolved to right value in output
✓ value with a space is round-trip quoted
✓ flipping a conflict to left updates the output
✓ ini rendered as 3 section groups
✓ section-level status: db both, cache left-only, web right-only
✓ ini secret (password) masked in DOM
✓ “Transfer whole section” appends [web] after left sections
✓ ini in-section conflict (port) defaults to right
✓ PDF rendered to image pages
✓ PDF view mode: single page shows one page
✓ PDF is preview-only (no raw editor)
✓ PDF: multi-page document rendered (3 pages)
✓ PDF view mode: keyboard advances single page
✓ PDF view mode: keyboard goes to previous page
✓ PDF edit: page deleted (3→2), marked modified, download enabled
✓ PDF edit: re-rendered from the rebuilt PDF bytes
✓ PDF edit: changes summary lists the edit
✓ PDF edit: rotation reflected in changes summary
✓ PDF edit: image inserted as a new page (2→3)
✓ PDF edit: image insertion noted in changes summary
✓ PDF edit: merge appends another PDF (→4 pages)
✓ PDF book mode: two-page spread lays pages side by side
✓ PDF shows match confidence (PDF (100%))
✓ fallback "Plain text" not shown as a phantom percentage
✓ match percentages normalized to 100% (sum=100)
✓ PDF embedded metadata (Pages, Created)
✓ CSV rendered as table with header row
✓ CSV body rows (5)
✓ CSV has raw editor (editable text)
✓ CSV metadata includes delimiter and raw line facts
✓ CSV export menu offers JSON + Excel
✓ CSV exported to JSON (sample.json)
✓ Excel: both sheets shown as editable tabs
✓ Excel: one editable table per sheet
✓ Excel: cells are editable
✓ Excel: download disabled before any edit
✓ Excel: edit tracked (delta buffer, cell marked dirty)
✓ Excel: edited workbook downloaded (sample-edited.xlsx)
✓ Excel: edited .xlsx round-trips (both sheets preserved, edit present)
✓ Excel metadata: sheet count + names
✓ Word: docx converted to HTML (h1)
✓ Word: formatting preserved (bold)
✓ Word: Edit toggle mounts TipTap with the document content
✓ Word: edited .docx downloaded (sample-edited.docx)
✓ Word: exported .docx is a valid ZIP containing the edit
✓ Word metadata: word count present
✓ .odt detected as OpenDocument
✓ ODT heading rendered (text:h → h1)
✓ ODT list rendered (2 items)
✓ PPTX: 2 slides rendered to images
✓ PPTX view mode: single slide shows one slide
✓ PPTX view mode: next slide navigation works
✓ PPTX view mode: keyboard goes to previous slide
✓ PPTX sidebar root reopens after loading a folder
✓ JSON rendered as collapsible tree (12 keys)
✓ JSON disclosure marker renders as a glyph
✓ JSON query panel rendered
✓ JSON query panel highlights JSONPath matches (1)
✓ JSON context menu copies JSONPath, key, and value
✓ JSON preview can sort object keys A-Z
✓ JSON metadata includes structure counts
✓ JSON toolbar visible in raw view for JSON files
✓ JSON toolbar has Format, Minify, Validate buttons
✓ JSON validate shows ✓ for valid JSON
✓ JSON minify removes whitespace
✓ JSON format restores pretty-printed indentation
✓ JSON validate shows ✗ for invalid JSON
✓ JSON toolbar hidden for non-JSON files (YAML)
✓ query.sql remains Code with SQL enhanced view selected
✓ query.sql enhanced view summarizes statements, tables, and modifiers
✓ query.sql enhanced source starts collapsed
✓ query.sql does not render as SPARQL
✓ postgresql.conf still uses PostgreSQL config enhancer
✓ sample.sparql still uses SPARQL enhancer
✓ JSONC-style comments/trailing commas render with recovery warning
✓ JSON metadata reports JSONC recovery mode
✓ JSON secret-like values are warned and redacted
✓ JSON context value copy preserves secret redaction
✓ JSON secret review links open redacted source
✓ .har detected as HTTP Archive
✓ HAR summary and request table rendered
✓ HAR waterfall chart painted (3917 pixels)
✓ HAR XHR filter narrows table
✓ HAR table sorts by status
✓ HAR detail panel shows headers/timing/body with secrets redacted (4 redacted)
✓ HAR metadata includes entries, creator, and pages
✓ JSON key diff flags an added key
✓ JSON key diff: value change flagged, reordered keys ignored
✓ .yaml detected as YAML
✓ YAML rendered as tree (14 keys)
✓ YAML metadata includes mapping/sequence counts
✓ YAML scalar types preserved (booleans rendered)
✓ YAML path breadcrumbs shown
✓ YAML query panel rendered
✓ YAML query panel highlights JSONPath-style matches (1)
✓ YAML redacted source starts collapsed
✓ YAML source links open source
✓ YAML secret-like values are warned and redacted
✓ YAML has raw editor (editable text)
✓ YAML toolbar visible in raw view for YAML files
✓ YAML toolbar has Format and Validate buttons
✓ YAML validate shows ✓ for valid YAML
✓ YAML format produces valid YAML output
✓ YAML validate shows ✗ for invalid YAML
✓ JSON toolbar hidden while YAML toolbar is active
✓ .toml detected as TOML
✓ TOML tables rendered as tree (20 keys)
✓ TOML scalar types preserved (booleans + numbers)
✓ TOML path breadcrumbs shown
✓ TOML query panel rendered
✓ TOML query panel highlights JSONPath-style matches (2)
✓ TOML source starts collapsed
✓ TOML source links open source
✓ TOML duplicate key diagnostics shown
✓ TOML secret-like values are warned and redacted
✓ TOML toolbar visible in raw view for TOML files
✓ TOML toolbar has Validate button
✓ TOML validate shows ✓ for valid TOML
✓ TOML validate shows ✗ for invalid TOML
✓ XML toolbar hidden while TOML toolbar is active
✓ TOML toolbar has Form button for .toml file
✓ TOML form editor renders into #tomlFormHost
✓ TOML form editor renders sections from Sample.toml (6)
✓ TOML form editor hides when toggled off
✓ .xml detected as XML
✓ XML rendered as element tree (17 nodes)
✓ XML XPath query panel rendered
✓ XML XPath query highlights //book elements (2)
✓ XML structural diff flags a changed text node
✓ XML toolbar visible in raw view for XML files
✓ XML toolbar has Format and Validate buttons
✓ XML validate shows ✓ for valid XML
✓ XML format produces indented output
✓ XML validate shows ✗ for invalid XML
✓ YAML toolbar hidden while XML toolbar is active
✓ .ini detected as Config (INI/env)
✓ INI rendered as sectioned key-value tables
✓ INI redacted source starts collapsed
✓ INI key links open redacted source
✓ INI metadata includes comments and duplicate-key count
✓ INI metadata includes section count
✓ INI toolbar shows Form button for .ini file
✓ INI form editor renders editable sections + key rows (2 secs, 5 keys)
✓ INI form edit flushes back into the editable text
✓ INI secret-like values are warned and redacted
✓ .env defaults to redacted preview mode
✓ .env preview redacts sensitive values and DOM attributes
✓ .env redacted source is collapsed with a source summary
✓ .env line numbers open the wrapped redacted source view
✓ .env preview content is centered
✓ .env metadata includes variable and sensitive counts
✓ .env raw view remains explicitly available
✓ .env "edit as form" switches to the raw pane (form visible)
✓ .env form has Undo/Redo controls
✓ .env form masks credentialed value (postgres://…) as password
✓ .env form comment-out → un-comment round-trip (17→16→17)
✓ .env form has Sort/Trim/Dedup buttons
✓ .env form rows have selection checkboxes + drag handles
✓ .env form var rows are draggable
✓ .env form drag/drop reorders adjacent variable rows
✓ .env form Sort orders all keys A→Z
✓ .env form Sort is undoable
✓ .env form Dedup removes duplicate keys (17→18→17)
✓ SSH config defaults to rendered preview mode
✓ SSH config preview builds full command from parsed directives
✓ SSH config metadata includes hosts, identities, jumps, and security notes
✓ SSH config preview text follows dark theme
✓ SSH config raw view remains explicitly available
✓ .rdp detected as RDP Connection
✓ RDP connection host shown
✓ RDP mstsc command or username shown
✓ claude_desktop_config.json detected as MCP Server Config
✓ MCP server names shown
✓ MCP secret env values redacted
✓ kubeconfig detected as Kubernetes Config
✓ kubeconfig cluster names shown
✓ kubeconfig users shown
✓ kubeconfig review warnings shown
✓ kubeconfig redacted source does not leak token/key data
✓ kubeconfig redacted source is collapsed
✓ kubeconfig source links open source preview
✓ .patch detected as Patch / Diff
✓ patch colorized (+4 −2, 3 hunk)
✓ patch hunk checkboxes + full filtered output
✓ patch excludes a deselected hunk from the filtered output
✓ patch None clears the filtered output
✓ .log detected as Log
✓ log severity highlighted (2 error, 2 warn, 6 timestamps)
✓ log renders ANSI colour escapes (6 coloured spans)
✓ log severity filter narrows to errors (2)
✓ word count visible for markdown file
✓ word count shows words and chars for markdown: 71 words · 456 chars · ~1 min read
✓ word count shows reading time for markdown
✓ text utilities toolbar visible for markdown (non-binary text) file
✓ text utils toolbar has Sort ↑, Trim, and B64 ↑ buttons
✓ .vcf detected as Contacts (vCard)
✓ vCard contacts parsed (2 cards, mailto links)
✓ vCard metadata includes organizations and URLs
✓ vCard export offers contacts CSV
✓ vCard → CSV download (sample.csv)
✓ .srt detected as Subtitles
✓ subtitle cues parsed with timecodes (3 cues)
✓ subtitle metadata includes first cue and spoken time
✓ .geojson detected as Map (GeoJSON/GPX)
✓ GeoJSON drawn as SVG (1 line, 1 polygon, 2 points)
✓ geo metadata includes format and bounds
✓ GeoJSON export offers GPX
✓ GeoJSON → GPX download (sample.gpx)
✓ .topojson detected as GeoJSON/TopoJSON viewer
✓ TopoJSON summary rendered
✓ .gpx detected as Map (GeoJSON/GPX)
✓ GPX map canvas painted track (2891 pixels)
✓ GPX stats include distance, gain/loss, duration, trackpoints, waypoints
✓ GPX metadata includes track name, creator, stats, and bounds
✓ GPX export offers GeoJSON
✓ GPX → GeoJSON download (sample.geojson)
✓ .als detected as Ableton Live Set
✓ Ableton set renders BPM, time signature, tracks, clips, and plugins
✓ Ableton metadata includes tempo, track counts, clips, and plugins
✓ ID3 tags surfaced in metadata (artist + title)
✓ .ttf detected as Font
✓ font specimen rendered + FontFace loaded (20 samples)
✓ .url file detected as URL Inspector
✓ URL inspector renders raw code block, scheme + host
✓ URL inspector renders mailto fields
✓ URL inspector decodes data:text URIs
✓ URL inspector highlights OAuth, JWT, decoded JSON, and fragment
✓ URL inspector lists multiple URLs in table + expandable details
✓ .ans detected as ASCII / ANSI Art
✓ ANSI preview renders SAUCE header + Copy button
✓ ANSI metadata includes dimensions, color count, chars, and SAUCE fields
✓ sample.jsonl detected as JSON Lines
✓ JSONL summary card shows record and line counts
✓ JSONL table shows shared schema columns
✓ JSONL filter panel rendered
✓ JSONL filter keeps matching records (5)
✓ sample.fasta detected as bioinformatics type
✓ FASTA sequences listed with FASTA badge
✓ FASTA sequence count shown in header
✓ sample-variants.vcf detected as bioinformatics type
✓ VCF variants table shown with VCF badge
✓ sample.musicxml detected as MusicXML Score
✓ MusicXML score header shows title and composer
✓ MusicXML instrumentation list shows parts
✓ sample.ofx detected as OFX / QFX Financial
✓ OFX account card shows masked account number and type
✓ OFX transaction table shows expected rows
✓ sample.kicad_pcb detected as KiCad EDA type
✓ KiCad PCB badge shown
✓ KiCad PCB stats shown (footprints, nets, tracks)
✓ KiCad PCB title shown
✓ sample.eps detected as PostScript type
✓ PostScript DSC version badge shown
✓ PostScript title from DSC comments shown
✓ sample.acf: ACF/Steam badge shown
✓ sample.acf: game name shown
✓ sample.acf: App ID shown
✓ sample.fits detected as FITS type
✓ FITS badge shown
✓ FITS object name shown
✓ FITS pixel-rendering limitation shown
✓ sample.kml detected as KML type
✓ KML document name shown
✓ KML placemark table rows rendered
✓ sample.abc detected as ABC type
✓ ABC 3 tunes counted
✓ ABC first tune title shown
✓ sample.hl7 detected as HL7 type
✓ HL7 badge shown
✓ HL7 segment table rows rendered
✓ HL7 message type parsed correctly (MSH-9)
✓ HL7 version parsed correctly (MSH-12)
✓ HL7 summary rows (sending/receiving app, control ID) parsed correctly
✓ sample.h2song detected as Hydrogen type
✓ Hydrogen song name shown
✓ Hydrogen instrument chips shown
✓ sample.prproj detected as Premiere type
✓ Premiere badge shown
✓ Premiere project stats shown
✓ .mt940 detected as mt940 type
✓ MT940 badge shown
✓ MT940 account/balance shown
✓ .gff3 detected as gff type
✓ GFF badge shown
✓ GFF feature types shown
✓ GFF chromosome info shown
✓ Dockerfile detected
✓ Dockerfile heading shown
✓ Dockerfile images/stages shown
✓ docker-compose.yml detected
✓ docker-compose heading shown
✓ docker-compose services shown
✓ generic YAML: workflow steps summarized with source links
✓ SARIF detected
✓ SARIF badge shown
✓ SARIF findings shown
✓ SARIF paginates findings (50/page of 62)
✓ SARIF Next advances to the final page
✓ SARIF severity filter narrows to errors (13)
✓ .proto detected as Protocol Buffer type
✓ proto badge/syntax shown
✓ proto messages and service shown
✓ .thrift detected as Apache Thrift type
✓ thrift badge shown
✓ thrift structs and service shown
✓ secret.txt Easter egg loads as plain text with Archivist lore
✓ sample.rtf detected as RTF type
✓ RTF document title rendered
✓ RTF bold formatting rendered (6 bold spans)
✓ RTF italic formatting rendered
✓ RTF WYSIWYG toolbar present
✓ RTF toolbar row 2 present
✓ RTF text color picker present
✓ example.svg detected as SVG type
✓ SVG dual-pane container (.svg-editor) mounted in preview host
✓ SVG preview iframe (.svg-preview-iframe) present
✓ SVG toolbar present
✓ SVG editor theme follows the in-app toggle (vs ↔ vs-dark), not the OS
✓ plain text metadata includes line count
✓ plain text preview: word-wrap toggle switches pre-wrap ↔ pre
✓ JSON export menu offers YAML + minified
✓ JSON → YAML conversion download (sample.yaml)
✓ YAML export menu offers JSON
✓ YAML → JSON conversion download (sample.json)
✓ subtitle SRT export offers WebVTT
✓ subtitle SRT → VTT download (sample.vtt)
✓ TOML export offers JSON
✓ TOML → JSON download (sample.json)
✓ OFX export menu offers CSV
✓ OFX → CSV download (sample.csv)
✓ .ics detected as Calendar
✓ calendar events parsed + sorted (3)
✓ recurrence rule shown (↻ Repeats weekly)
✓ calendar metadata includes all-day and recurring counts
✓ .zip detected as Archive
✓ archive lists entries (4 files)
✓ archive summary (counts + size)
✓ archive is preview-only (no raw editor)
✓ archive mounted as sidebar tree
✓ archive entries are clickable (open-inside-zip)
✓ zip entry opened + re-detected (rows.csv → CSV)
✓ opened entry shows its own filename (rows.csv)
✓ archive sidebar remains active after opening entry
✓ zip entry rendered through its real renderer (CSV table, 3 rows)
✓ archive folderContext opens sibling entries through archive tree
✓ sidebar roots: opening a file keeps the archive root
✓ sidebar roots: remove button only removes that root
✓ encrypted zip still lists entries (fallback parser)
✓ password-protected entry flagged and unlockable
✓ archive export button shown when zip loaded
✓ archive repacked and downloaded (edited-sample.zip)
✓ archive delete panel shown for zip
✓ archive entry marked for deletion
✓ archive repacked with deletion downloaded (edited-sample.zip)
✓ repacked zip omits the deleted entry
✓ .7z detected as Archive type
✓ 7z shows opt-in hint when enableArchiveWasm is off
✓ .cbz detected as Comic book
✓ comic: pages rendered from blob URLs (3)
✓ comic book mode: two-page spread
✓ .eml detected as Email
✓ email header card (encoded subject decoded + From)
✓ email HTML body in sandboxed iframe (allow-same-origin only, script stripped)
✓ email attachment badge shows 1 attachment
✓ email metadata includes body kind and attachments
✓ .msg detected as Outlook Email
✓ MSG preview opens without TextDecoder crash
✓ .mbox detected as Mailbox
✓ mbox split into 3 messages with senders
✓ mbox metadata includes sender and HTML counts
✓ .ipynb detected as Jupyter Notebook
✓ notebook markdown cell rendered
✓ notebook code cells rendered (3)
✓ notebook stream output shown
✓ notebook rich HTML output sanitized + rendered (6 cells)
✓ notebook error output shown
✓ notebook metadata includes execution and output counts
✓ JS file detected as Code with syntax highlighting
✓ code dropdown shows concrete JavaScript type
✓ code metrics CodeLens: per-function LOC + complexity (fib=2, classify=7)
✓ code metadata includes concrete type, LOC, and complexity summary
✓ C sample UI shows C, not generic Code or C++
✓ SVG dual-pane editor mounted
✓ .stl detected as 3D model
✓ STL parsed (binary, 8 triangles)
✓ STL mesh rendered to canvas (37343 painted pixels)
✓ STL export menu offers OBJ + PLY (not its own format)
✓ mesh interconvert: STL → OBJ downloaded (sample.obj)
✓ .obj detected as 3D model
✓ OBJ parsed (cube: 8 vertices → 12 triangles)
✓ OBJ mesh rendered to canvas (60102 painted pixels)
✓ .glb detected as 3D model (glTF)
✓ GLB parsed (cube: 12 triangles from accessors)
✓ GLB mesh rendered to canvas (148619 painted pixels)
✓ STL: clicking mesh face opens group color picker (.mv-group-picker)
✓ select-mode toggle present: Region (default) / Face / Group
✓ Face mode: click selects a single triangle (Face #4)
✓ Face mode: applying a color repaints the mesh
✓ Region mode: one click selects >1 coplanar face (Region (2 faces))
✓ colored OBJ export: per-face/region color emitted as newmtl/usemtl (synthetic material)
✓ .3mf detected as 3D Manufacturing Format
✓ 3MF model metadata, objects, and materials parsed
✓ 3MF thumbnail inlined as data URL
✓ 3MF metadata drawer includes parsed fields
✓ .ply detected as 3D model
✓ ASCII PLY parsed (cube: 6 quads → 12 triangles)
✓ binary PLY parsed (tetrahedron: 4 triangles)
✓ NES detected as Game ROM Header
✓ NES header parsed (PRG/CHR/mapper)
✓ SNES header parsed (title/type/region)
✓ Game Boy header parsed (CGB/cart/RAM)
✓ N64 header parsed (title/code/CRC)
✓ ROM metadata drawer includes parsed fields
✓ .png detected as Image
✓ raster image served from blob URL (no base64 inflation)
✓ image defaults to fit-to-screen
✓ image zoom sets a real pixel width (125%)
✓ Ctrl+= zooms in (keyboard)
✓ wheel over a stage-layered textarea does not zoom the image (156%→180% only on stage)
✓ image: touch pan (translate3d) + two-finger pinch-zoom navigate the canvas
✓ image opens in view mode (edit toolbar hidden until Edit)
✓ Edit button reveals the editing toolbar
✓ image editor: mobile ☰ toggle collapses the tool palette (tabs + panel hidden)
✓ editor toolbar grouped into 6 tabs, Common active
✓ Help modal renders the guide to HTML (offline) and closes
✓ image text edit produces dirty PNG bytes
✓ edited image counts as unsaved work
✓ image undo reverts edit + reveals redo
✓ image redo re-applies edit
✓ Ctrl+Z / Ctrl+Y reach the editor with focus on a toolbar slider
✓ magic-wand: selects a region (mask overlay painted + Deselect shown)
✓ magic-wand: Deselect clears the selection + leaving wand mode
✓ marquee: drag a box builds a rectangular selection (overlay painted + Deselect shown)
✓ selection: elliptical + lasso build masks (canvas-path raster)
✓ selection ops: invert + cut deletes the selection (commits a new image)
✓ selection move: floats + stays selected on drop, stamps one commit on leaving Move
✓ selection: arrow keys nudge the float (stays selected), stamp on deselect
✓ rotate 90° swaps image dimensions + commits
✓ flip H commits a new edited image
✓ filters: live preview flashes Apply + reverts when you switch tabs (not yet baked)
✓ filters Apply bakes a new edited image
✓ levels: live preview + Apply commits a LUT-mapped image + panel closes
✓ curves: master + per-channel (Red) curves preview + Apply commits a LUT-mapped image + panel closes
✓ sharpen/blur: convolution previews + Apply commits a filtered image + panel closes
✓ preset: greyscale bakes a new edited image
✓ fill tool activates + reveals tolerance/mode/perceptual/feather options
✓ fill bucket floods a region + commits
✓ fill region/edge-stop mode + feather floods + commits
✓ BG-removal tool enters colour-pick mode
✓ Background tab: tolerance hidden until sampled; checkerboard toggle shows transparency
✓ crop selects a region + shrinks the image
✓ pencil stroke draws + commits a new image
✓ clone stamp: Alt-click sets a source marker, painting clones pixels + commits (dims unchanged)
✓ heal: Alt-click source + paint mean-shifts the patch + commits (dims unchanged)
✓ image editing tools collapse behind the 🛠 toggle
✓ image mode buttons ASCII/Edit/Adv/OCR sit on one row
✓ resize percent (50%) halves the image width
✓ expand pads the canvas (+30px each side) without resizing content
✓ linked proxies: Draw-tab Fill drives canonical Fill; Adjust tab has its Filters button
✓ edited image download clears unsaved state
✓ compare: overlay opacity + diff-highlight controls; edit tools hidden
✓ compare closes + restores image interaction
✓ copy/paste: Ctrl+C + Ctrl+V drops the selection into Adv Edit as a transformable image pane
✓ Adv Edit: Konva lazy-loads + stage/toolbar mount
✓ OCR: top-level button shows the download consent gate
✓ Adv Edit: layers panel + shapes (text ×2 + rect; stroke controls shown)
✓ Adv Edit: unified Ctrl+Z removes the last vector object (header + 2 rows)
✓ Adv Edit: polygon + star shapes added (named in layers panel)
✓ Adv Edit: per-object blend mode persists on the node (poly=Normal, star=Multiply)
✓ Adv Edit: rich text controls style, align, wrap, pad, stroke, and shadow selected text
✓ Adv Edit: advanced shape controls are exposed for the selected star
✓ Adv Edit: deeper Konva shape/style/transform controls are exposed
✓ Adv Edit: layer panel supports rename, lock/unlock, duplicate, type icons, and selected state
✓ Adv Edit: precision tools provide grid, visible helper layer, align, and distribute
✓ Adv Edit: line point mode edits endpoints and inserts midpoint handles without serializing helpers
✓ Adv Edit: Ctrl+D duplicates and Delete removes selected vector objects
✓ Adv Edit: overlay persists non-interactively; output flattens base+overlay (dirty PNG)
✓ Adv Edit: geometry (rotate) transforms the overlay objects, keeps them editable (not baked)
✓ Adv Edit: Merge to image bakes the overlay + clears the objects (stays dirty)
✓ image export menu offers PNG/JPEG/WebP
✓ image converted + downloaded (sample.webp)
✓ in-editor Download button saves the current image in the chosen format
✓ global screensaver: arms/dismisses + suppressed while a game overlay is open
✓ ASCII studio mounts with full control panel (28 controls)
✓ ASCII studio: mobile ☰ collapses the toolbar (secondary hidden, Settings kept) and reveals on open
✓ ASCII presets: last-used persists + named preset saves/loads (columns round-trips)
✓ ASCII gradients: arrows/math/braille dropped, blocks kept
✓ ASCII output: Colour source + Glyph colour hide when Colour glyphs is off
✓ ASCII font: selectable (Uniform default) + restyles the output
✓ ASCII fit-to-screen: no scrollbar at zoom 1 across columns/density/font; zoom>1 scrolls
✓ ASCII converter: opens to a chooser (file + URL), no auto-start
✓ ASCII converter: panel fully on-screen (centering transform neutralized)
✓ ASCII converter: GIF → ASCII GIF converts (worker) + downloads
✓ ASCII converter: GIF → WebM video (baked loops) converts + downloads
✓ ASCII engine: transparent frame does not retain the previous frame (canvas cleared)
✓ ASCII converter: WebP → ASCII GIF converts via ImageDecoder + downloads
✓ ASCII mode hides image bar; Image back-button in studio toolbar
✓ ASCII settings use an aligned row layout (label | control)
✓ ASCII settings panel is floating, draggable, and resizable
✓ ASCII settings drawer toggles open/closed
✓ ASCII settings panel ✕ button closes it
✓ frame padding pads the ASCII preview
✓ ASCII studio gradient change re-converts
✓ camera mode: own flip/rotate toolbar + image buttons hidden
✓ camera Start button flashes + shows ▶ until started
✓ camera Start requests a 30fps webcam stream for smoother preview
✓ camera recording captures ASCII canvas stream at selected FPS, then offers download and explicit Studio handoff
✓ video studio exposes direct download for opened webcam recording
✓ ASCII sampling: default downscale + coverage-aware tone preserves detail on sparse art as Columns rise (0.18→0.19)
✓ ASCII fill enclosed gaps: interior hole fills on toggle, real background stays transparent
✓ AVIF gets the full editor toolbar (parity with PNG)
✓ animated GIF mounts the player (play/pause enabled for multi-frame)
✓ GIF player: plain Download saves the GIF (anim.gif)
✓ GIF Split: frames nested under the gif folder with real sizes
✓ GIF Split: gif row stays a clickable file with an expand arrow (acts as a folder, not one)
✓ GIF Split: a frame opens as an image; the gif row re-opens the running GIF
✓ GIF Download all → ZIP (anim-frames.zip)
✓ JPEG XL decoded in-browser (lazy wasm) and rendered
✓ TIFF decoded in-browser (lazy UTIF) into the full editable image editor
✓ openBlobFile opens an in-memory Blob through the full intake path
✓ .mid detected as MIDI Sequence
✓ MIDI header + tracks parsed
✓ MIDI metadata includes parsed fields
✓ .wav detected as Audio / Video
✓ audio served from in-page blob URL (streamed, no size ceiling)
✓ audio listen: native audio element is hidden decode source, not visible player
✓ audio listen: auto-audiobook-style waveform lane replaces native controls
✓ media keeps the File handle (streams off disk, no full read into memory)
✓ P7 audio: speed presets (0.5×…2×) present
✓ P7 audio: speed preset sets playbackRate (1.5×)
✓ audio workspace: top-level audio workspace exists
✓ audio first-viewport core surfaces are visible (desktop)
✓ audio first viewport begins near top (workspace inset 16px <= 72px)
✓ audio first-viewport has no horizontal overflow (desktop)
✓ audio first-viewport core surfaces are visible (mobile)
✓ audio first viewport begins near top (workspace inset 8px <= 72px)
✓ audio first-viewport has no horizontal overflow (mobile)
✓ audio waveform surface is visible by default
✓ audio waveform: visible workspace canvas paints by default
✓ audio listen: waveform click-to-seek moves the red cursor
✓ audio listen: start/end/fade/gain controls update lane state and room-tone option
✓ R2: chapter markers render on the audio waveform
✓ R2: chapter source status appears in Listen mode
✓ R2: folder sidecar chapters reach markers, list, and source status
✓ audio listen: Sample.mp3 uses the same hidden-native waveform lane
✓ audio waveform: full waveform seekbar scrubs native audio
✓ audio mode tabs exist and are ordered
✓ audio mode tabs default to Listen
✓ audio Compare mounts lazily
✓ audio compare: modular shared-model A/B surface mounts with config-only state
✓ audio compare: modular A/B selectors choose from existing mixer elements
✓ audio compare: modular normalization is off by default
✓ audio compare: modular normalization toggle updates shared compare state
✓ audio compare: modular A/B offset and range controls update shared overlap state
✓ audio compare: modular shared-model overlay mode paints shared coordinates
✓ audio compare: modular explicit analyze hook reports selected overlap and shifted ranges
✓ audio compare: modular B file browse retargets shared compare state
✓ audio compare: modular settings import exposes reapply choices
✓ audio compare: legacy compare surface is removed
✓ audio compare: no horizontal overflow (desktop)
✓ audio compare: no horizontal overflow (mobile)
✓ audio Compare tears down when leaving mode
✓ audio tune: intent surface appears before raw controls
✓ audio tune: quick intent status visible
✓ audio tune: raw .sp-wrap/.dyn-wrap not mounted until expanded
✓ audio tune: quick intent click marks active intent
✓ audio tune: quick intent updates visible status
✓ audio tune: quick intent does not eagerly mount raw panels
✓ audio spectrum: Spectrum & EQ toggle button present
✓ audio spectrum: spectrum canvas mounted
✓ audio spectrum: 9-band EQ sliders
✓ audio spectrum: settings panel is fixed and resizable
✓ audio spectrum: settings panel can be moved while open
✓ audio spectrum: preset intent reflected in eq/filter controls
✓ audio spectrum: EQ visualization updates while paused
✓ audio spectrum: overlaid original-vs-processed legend present
✓ R1: Tune staged compare shows raw/tune/dynamics/master-bus labels
✓ R3: Tune staged compare explains path, active/bypassed state, and purpose
✓ audio spectrum: LUFS normalize targets present (-14 … -23, Off)
✓ audio spectrum: panel collapses
✓ audio dynamics: Dynamics toggle button present
✓ audio dynamics: CPU-lazy (no panel DOM until opened)
✓ audio dynamics: settings panel is fixed and resizable
✓ audio dynamics: compressor + limiter + gate + de-noise sections present
✓ audio dynamics: each section has an enable/bypass toggle
✓ audio dynamics: parameter sliders mounted (12)
✓ audio dynamics: compressor + limiter + gate live; de-noise export-only
✓ audio dynamics: enabling live compressor handled without error
✓ audio dynamics: panel collapses
✓ audio tune: switching away from Tune removes Spectrum/Dynamics panel DOM
✓ audio tune: remounting Tune rebuilds Spectrum/Dynamics
✓ audio mixer: mix mode tab exists
✓ audio mixer: CPU-lazy (no transport/decode until opened)
✓ audio mixer: mix mode mounts multi-track mixer
✓ audio mixer: panel opens with lane(s) already loaded
✓ audio mixer: transport (play/stop) + master gain present
✓ audio mixer: bespoke lane grammar visible (waveform/cursor/context/index)
✓ audio mixer: per-lane gain/mute/solo + fade handles present
✓ audio mixer: opens with the loaded clip as lane 1
✓ audio mixer: per-lane gain/mute/solo + fade handles present
✓ audio mixer: time ruler present above lanes
✓ audio mixer: lane Edit button opens modal with EQ + Dynamics buttons
✓ audio mixer: EQ toggle reveals 9 band sliders
✓ audio mixer: modal closes via close button
✓ audio mixer: selection panel shows Start + Gain after lane click
✓ audio mixer: a second lane can be added (generator tone)
✓ audio mixer: zoom-in widens canvas (622 → 4800px)
✓ audio mixer: Fit resets canvas width (4800 → 622px)
✓ audio mixer: bespoke lane grammar visible in mix panel (desktop)
✓ audio mixer: no horizontal overflow in mix (desktop)
✓ audio mixer: mix workspace fits host width (desktop)
✓ audio mixer: mixdown → WAV downloaded (mixdown.wav)
✓ audio mixer: bespoke lane grammar visible in mix panel (mobile)
✓ audio mixer: no horizontal overflow in mix (mobile)
✓ audio mixer: mix workspace fits host width (mobile)
✓ audio mixer: switching to Listen detaches the mix markup
✓ audio folder playlist: track position (1 / 2)
✓ audio folder playlist: prev/next + shuffle controls
✓ audio album: track list shows every track (2)
✓ audio album: current track highlighted
✓ audio album: clicking a track plays it (now 2 / 2)
✓ iOS audio hint NOT shown on desktop (no-install default holds)
✓ iOS standalone meta present; manifest stays browser-mode
✓ iOS: background-audio Add-to-Home-Screen hint shown for audio
✓ iOS: hint permanently dismissible
✓ media renders outside the sandboxed iframe
✓ media is preview-only (no raw editor)
✓ AVI detected as media type
✓ transcoding panel present for AVI
✓ transcoding hint points to Advanced settings
✓ audio export mode shows clear disabled/ffmpeg-off hint
✓ video shell has ordered task tabs: Watch/Adjust/Timeline/Subtitles/Export/Compare
✓ video default mode is Watch
✓ video first-viewport core surfaces are visible (desktop)
✓ video first-viewport begins near top (workspace inset 18px <= 72px)
✓ video first-viewport has no horizontal overflow (desktop)
✓ video first-viewport core surfaces are visible (mobile)
✓ video first-viewport begins near top (workspace inset 10px <= 72px)
✓ video first-viewport has no horizontal overflow (mobile)
✓ video workspace duration synchronizes even when metadata loads during async panel setup
✓ video Compare: compare surface absent before tab click
✓ video Compare: coming-soon note present
✓ video Compare: modular compare surface not mounted (disabled)
✓ video studio: quick look surface present in Adjust
✓ video studio: quick intent presets surface present
✓ video studio: advanced raw sliders still present (incl. hue/blur/grayscale)
✓ video studio: quick preset applies filters and marks active/status
✓ video studio: reset clears filter
✓ video studio: movie-audio sub-surface exists
✓ video studio: Spectrum & EQ toggle present
✓ video studio: movie audio Spectrum & EQ lazy mount
✓ video studio: mixer mounts 9-band EQ on movie audio
✓ video studio: Spectrum & EQ legend present
✓ P7 video: speed presets present
✓ P7 video: ±1 frame-step buttons present
✓ P7 video: PiP button feature-gated (present iff supported)
✓ P7 video: subtitle (.srt/.vtt) drop/browse control mounts
✓ P7 video: SRT sidecar parses to 2 cues + mounts overlay
✓ P7: SRT parser yields correct cue timings + text (pure)
✓ R4: compare audio ffmpeg builder is importable in-page and emits WAV extract args without hidden -ar/-ac
✓ P6: audio editor Trim button exists when ffmpeg is on
✓ audio waveform selection wires to existing Trim op and pre-fills values
✓ audio Trim prefill: start/end HH:MM:SS values present and ordered
✓ P1: export panel present when ffmpeg enabled
✓ P1: "Export processed audio" header present
✓ P1: export profile status initialized to Podcast
✓ R5: subtitle burn-in controls stay hidden for audio export
✓ R5: video export transform controls stay hidden for audio export
✓ P1: visible export preset cards show Podcast/Cleanup/ACX/Custom affordances
✓ P1: export preset cards keep intent presets before Custom
✓ P1: default export card state is Podcast
✓ P1: export button labelled
✓ R2: export panel shows enabled Chapter ACX ZIP action when chapters exist
✓ P1: provenance-style export summary rendered
✓ R1: Export staged compare shows raw/tune/dynamics/master-bus labels
✓ R3: Export staged compare explains path, active/bypassed/export state, and purpose
✓ P1: export format options (source/mp3/wav/m4a/ogg)
✓ P3: audio fade-in / fade-out controls present
✓ P6: audio crossfade points to the multi-track mixer (wired)
✓ P1: live export summary reflects fade-in setting
✓ P2: export preset selector present
✓ P2: presets include Podcast + Cleanup + Audiobook(ACX) + Custom
✓ P2: advanced overrides hidden under a concrete preset
✓ P2: ACX preset summary shows mono, 192k CBR, loudnorm -20 LUFS, TP target -3
✓ R1: Export master-bus stage reflects ACX chain
✓ P2: Podcast preset summary reflects -16 LUFS / 192k / 44.1 kHz / TP target -1.5
✓ P2: Cleanup preset summary shows source-preserving cleanup chain
✓ R1: Export master-bus stage reflects Cleanup source-preserving chain
✓ P2: Custom reveals manual path controls with explicit guidance
✓ R1: Custom loudness-off stage does not show phantom TP target
✓ P2: ACX card path reselect keeps summary visible
✓ P2: ACX resolves to mono/44.1k/-20 LUFS + CBR 192k mp3 args
✓ P8: Audiobook QC (ACX) mode tab present
✓ P8: QC panel CPU-lazy (no decode/ffmpeg until opened)
✓ P8b: QC shell renders as a report card instead of prose-heavy intro text
✓ P8b: QC pre-run shows the full 9-item check checklist
✓ P8b: QC actions (Run QC + Export for ACX) are visible before run
✓ P8b: QC export hint clearly states the ACX target
✓ P8b: QC card shows all 9 ACX metric rows (RMS/LUFS/sample peak/estimated true peak/noise/sr/ch/head/tail)
✓ P8b: QC card shows an overall pass/fail verdict
✓ P8e: "Export for ACX" one-click button mounts
✓ P8: QC panel collapses
✓ P8: QC remounts after leaving to Listen
✓ P8a: BS.1770 LUFS on −23 dB sine ≈ −23 LUFS (-23.25, ±1 LU)
✓ P8b: RMS/peak math correct on synthesized sine
✓ P8b: estimated true peak stays near sample peak on aligned sine
✓ P8b: noise floor finds the silent window (−∞ for true silence)
✓ P8b: edge-silence detects the 1 s leading gap
✓ P8e: ACX arg builder forces mono / 44.1 kHz / MP3 192 k
✓ P8c/P8e: ACX -af chain = loudnorm −20/−3 + silenceremove + room-tone pad
✓ P8c: silenceremove trims dead air (−50 dB threshold)
✓ P1: ffmpeg -af chain correct order (HPF→bands→LPF→fades→loudnorm)
✓ P4: dynamics chain order (HPF→afftdn→agate→acompressor→EQ→LPF→alimiter)
✓ P4: dynamics emit acompressor/afftdn/agate/alimiter with params
✓ P4: chain without dynamics keeps minimal HPF-only output
✓ P3: video export panel offers fade-to-black
✓ P3: video fade-to/from-black duration controls present
✓ R5: video export shows compact transform/look controls
✓ R5: transform/look selections update video export summary and -vf provenance
✓ R5: video export shows compact subtitle burn-in controls
✓ R5: loading SRT updates burn-in status without ffmpeg run
✓ R5: pure subtitle burn args include subtitles filter and re-encode semantics
✓ R5: pure webvideo -vf builder composes transform/look/scale without ffmpeg
✓ P6: opened video timeline mounts the modular source mixer lane
✓ P6: modular video source exposes frame preview and visual transform controls
✓ P6: modular video source project captures opened media metadata
✓ P6: modular video source settings export remains config-only
✓ P6: modular video source exposes project settings import/export controls
✓ P6: modular video source shows ffmpeg-gated final export plan
✓ P6: modular video source final export provenance is config-only
✓ P6: modular video source imports config-only settings with reapply choices
✓ P6: modular video source relinks missing imported media from local file
✓ P6: modular video source samples the current seek-frame preview
✓ P6: modular video source renders sparse runtime thumbnails
✓ P6: modular Timeline adds a second music-bed lane from local media
✓ R5: modular Timeline exposes music-bed ducking and updates shared gain state
✓ P6: modular Timeline final export provenance includes source audio plus music bed without media bytes
✓ P6: modular Timeline applies transition workflow to the selected second visual lane
✓ P6: modular Timeline stores selected visual transition kind and duration
✓ P6: modular Timeline transition export provenance includes wipe overlay graph without media bytes
✓ P6: modular Timeline selected clip edit applies source in/out trim state
✓ P6: modular Timeline selected clip edit applies audio and visual fades
✓ P6: modular Timeline trim/fade export provenance is config-only
✓ P6: modular Timeline grammar includes ruler, playhead, lanes, and source element
✓ P6: modular Timeline fits the media studio viewport without page overflow
✓ P6: modular Timeline inspector updates timing, clamped trim, gain, and fades
✓ P6: modular Timeline inspector updates visual transform and incoming transition state
✓ P6: legacy video timeline is removed from Timeline mode
✓ P6: Cut splits the source clip into a new visible timeline block
✓ P6: xfadeOffset(10,1) = 9 (durationA − transition)
✓ P6: xfade args build dissolve + aligned audio acrossfade
✓ P6: acrossfade args build d=2 audio crossfade
✓ P6: mux-music args duck the bed + amix under the video audio
✓ R5: mux-music args reflect chosen music-bed gain and preserve video stream copy
✓ P6: unknown transition normalizes to fade
✓ P6: pure trim clamp keeps in/out from crossing within duration
✓ P6: trim keeps the source container (webm → out.webm, stream copy)
✓ P6: trim format override re-encodes to the chosen container (webm → mp4)
✓ P6: precise trim re-encodes within the source container
✓ OCR → subtitles: control renders for video with interval + format pickers (no ffmpeg needed)
✓ .sqlite detected as SQLite database
✓ SQLite tables listed (albums, artists)
✓ SQLite query executes (filtered result)
✓ .clip detected as Clip Studio Paint
✓ Clip Studio structure rendered with canvas, layers, tables, and thumbnail
✓ Clip Studio metadata includes canvas, layers, and thumbnail
✓ .fb2 detected as FictionBook (outscores XML)
✓ FB2 book title rendered from title-info
✓ FB2 sections become headings (2)
✓ FB2 inline image embedded as a data: URL (zero off-origin)
✓ FB2 reader controls adjust size, font, theme, line height, and margins
✓ .mobi detected as Kindle / MOBI
✓ MOBI text decompressed + rendered with long sample text
✓ MOBI embedded image inlined as data: URL (zero off-origin)
✓ MOBI external reader toolbar visible
✓ MOBI reader toolbar adjusts size, font, theme, line height, and margins
✓ .lrf detected as Sony LRF
✓ LRF metadata XML parsed (title + author)
✓ LRF page list built (1 page)
✓ LRF TextBlock decompressed (deflate) + UTF-16LE text rendered
✓ DjVu sample renders or shows friendly partial-support message
✓ .epub detected as E-book (outscores Archive)
✓ EPUB title parsed from OPF metadata
✓ EPUB table of contents built (2 entries)
✓ EPUB font-size zoom increases real size (18px→20px)
✓ EPUB reading theme switch (sepia)
✓ EPUB two-column reading mode (CSS columns)
✓ EPUB first spine item rendered
✓ EPUB embedded image rewritten to in-book blob URL (zero off-origin)
✓ EPUB next-chapter navigation works
✓ EPUB resumes at the last-read chapter on reopen (persistence)
✓ EPUB mobile reader uses full-width content with slide-in settings closed
✓ EPUB mobile settings pane slides in over the reader
✓ binary file rendered as hex dump (offset + hex columns)
✓ hex dump shows ASCII column (printable bytes)
✓ folder tree opens with nested files hidden by default
✓ folder tree expand-all reveals nested files
✓ folder tree collapse-all hides nested files
✓ default file (README) opened
✓ clicking tree file opens it (util.py -> Code)
✓ folder tree large file shows loading feedback while bytes are read
✓ folder tree large file loading feedback clears after open
✓ long active file name marquees (ticker)
✓ sidebar resized by dragging (260 -> 390px)
✓ arrow-key navigation keeps an active file target (data/rows.csv)
✓ folder edit tracked (* marker on the edited file)
✓ folder edit persists across navigation
✓ folder export button shown
✓ folder exported as .zip (proj.zip)
✓ folder search: filename filter narrows the tree
✓ folder search: match count shown (1 match)
✓ folder search: content search matches inside files
✓ folder search: shared-root content match survives sidebar path normalization
✓ folder load shows progress feedback
✓ virtual tree: all 20010 entries loaded, only 41 DOM rows mounted
✓ git: current branch detected (● main)
✓ git: loose commit object inflated + listed
✓ git: commit details (author + message)
✓ git: commit details include changed files
✓ git: commit details include line delta counts
✓ git: changed file is linked when present in folder
✓ git: changed-file link opens file from folder
✓ git: .git internals hidden from the file tree
✓ git: repo badge shown in sidebar
✓ git Phase 2: commit read from packfile (idx + inflate)
✓ git Phase 2: OFS_DELTA resolved against base object
✓ git load-more: only HEAD commit shown initially, load-more button present
✓ git load-more: second page loads, button removed, commits in order
✓ new file: created + typed from extension (notes.md → Markdown)
✓ new file: named as entered
✓ new file: editor focused for immediate typing
✓ Markdown tools bar shown for editable Markdown
✓ Markdown tools: bold button present
✓ Markdown tools: table button present
✓ Markdown tools: heading action formats current line (H1 from picker)
✓ Markdown tools: bold wraps selected text
✓ Markdown tools: italic wraps selected text
✓ Markdown paste: selected text plus URL becomes link
✓ Markdown tools: table grid picker inserts 2×2 table
✓ Markdown context menu: sorts selected table by chosen column
✓ Markdown tools: WYSIWYG button present
✓ WYSIWYG: TipTap mounts when toggle clicked
✓ WYSIWYG: markdown parsed to rich doc (h1)
✓ WYSIWYG: toggling off restores Monaco editor
✓ WYSIWYG: markdown round-trips through TipTap
✓ WYSIWYG: GFM task list mounts as checkable TaskItems (1 checked)
✓ WYSIWYG: task list round-trips to `- [ ]`/`- [x]` markdown
✓ WYSIWYG: re-entering visual mode applies latest raw edits
✓ WYSIWYG: switching back to raw restores the refreshed preview
✓ `import easteregg` in a new file unlocks the arcade
✓ HTML sanitized by default (script did NOT run)
✓ HTML scripts run after explicit opt-in (sandboxed)
✓ HTML structural diff ignores whitespace/reindenting
✓ HTML structural diff flags an added element (p#fv-added)
✓ duplicate top-bar open button removed (inline 📂 kept)
✓ unsaved-work tracked (clean → edit → download clears it; gates discard + beforeunload)
✓ Plain text preview renders readable wrapped text
✓ session edit retention skipped for fresh direct example reopen
✓ paste into a focused input does NOT create a "pasted" file (secret stays in the field)
✓ paste with no editable target still opens a "pasted" file
✓ autosave Restore applies the current file’s save, not the first-seen one
✓ preview sizing: A4/page mode uses 820px content width
✓ preview sizing: phone mode uses phone content and pane width
✓ preview sizing: available mode fills the pane without horizontal page scroll
✓ preview sizing: unrestricted mode removes width cap and allows x overflow
✓ preview sizing: custom mode keeps numeric preview width
✓ preview sizing: split divider writes back as custom numeric width
✓ mobile: preview has no horizontal scroll (width fixed to screen)
✓ mobile: tab bar shown (not split)
✓ mobile: defaults to Preview tab
✓ mobile: ⋯ overflow menu shown, secondary controls moved out of the bar
✓ mobile: ⋯ opens popover containing the overflow controls
✓ mobile: topbar stays single-row (47px)
✓ easter egg: opening extensionless "easteregg" unlocks the arcade + reveals the 🎮 button
✓ offline precache is opt-in (pill rests at idle, no auto-precache)
✓ offline control stays inside non-overlapping topbar chrome
✓ cache modal: sized bundles listed; core + common Monaco runtime selected, uncommon editors opt-in
✓ cache modal: common/office presets and Easter eggs bundle shown
✓ cache modal: Office V preset selects the exact viewing dependency set (including Monaco)
✓ cache modal: saving selected bundles precaches them (Available offline)
✓ offline cache holds vendored assets (Monaco)
✓ app loads + renders OFFLINE (reload with network disabled)
✓ no errors during offline run
✓ compare button available for an editable type
✓ two-file compare: opens in-app drop target before picker
✓ two-file compare: sidebar drop opens the side-by-side overlay (picker hands off)
✓ two-file compare: overlay opens at Current with both files (not diff)
✓ two-file compare: Diff mode shows exactly one Monaco diff and hides the panes
✓ two-file compare: main edit-tracking untouched (overlay is self-contained)
✓ two-file compare: closing the overlay exits the comparison
✓ two-file compare: file-input pick also opens the overlay
✓ split divider drags across preview iframe
✓ split divider drags back across Monaco pane
✓ side-by-side: obsolete toolbar button removed
✓ side-by-side: two named panes (current + picked)
✓ side-by-side: shared mode bar has Current/Raw/Preview/Diff and opens at Current
✓ side-by-side: Current mode shows the per-pane view toggle
✓ side-by-side: both panes mount an independent Monaco source editor
✓ side-by-side: editable pane Monaco accepts edits (getValue reflects)
✓ side-by-side: panes are independent (editing one leaves the other untouched)
✓ side-by-side: Source/Preview toggle switches the pane view
✓ side-by-side: markdown pane Bold wraps the selection (**hello**)
✓ side-by-side: pane toolbar acts only on its own pane (sibling untouched)
✓ side-by-side: text-utils pane Sort ↑ reorders that pane's lines
✓ side-by-side: Split view shows Monaco source + live preview together in one pane
✓ side-by-side: per-pane Download preserves filename (sample.csv)
✓ side-by-side: Raw mode forces both panes to source (two independent editors, no diff, per-pane toggle hidden)
✓ side-by-side: Preview mode forces both panes to their rendered preview
✓ side-by-side: Diff mode shows exactly one Monaco diff and hides the two panes
✓ side-by-side: fv:sbs:mode persists the chosen mode
✓ side-by-side: switching Diff → Current rebuilds the two panes (diff disposed)
✓ side-by-side closes (panes disposed, overlay removed)
✓ editor mode: gcode Monaco is editable (readOnly off)
✓ editor mode: gcode Ctrl+S/download preserves filename (sample.gcode)
✓ text utils: utilities bar shown for plain text
✓ text utils: sort with no selection sorts the whole document
✓ text utils: Ctrl+Z undoes a sort (raw-editor undo preserved)
✓ text utils: sort with a selection sorts only the selected lines
✓ text utils: selection stays highlighted over the sorted lines
✓ text utils: line/char count shown inline on the toolbar row (no separate bar)
✓ text utils: Trim R strips trailing whitespace, keeps blank lines
✓ text utils: Trim L strips leading whitespace
✓ text utils: Trim in "whitespace + lines" mode drops blank lines
✓ text utils: trim-mode split button persists choice (localStorage) + updates label
✓ type help: opens as a centered modal <dialog> (not a drawer)
✓ type help: close button dismisses the modal
✓ type help: Plain text opens text.md docs via raw alias
✓ type help: readme-relative links navigate inside the help modal
✓ type help: example links are handled in-app, not as new tabs
✓ type help: example links open same-origin files in the viewer without file-not-found
✓ markdown heading menu: applies H3 in the source editor
✓ markdown heading menu: applies H2 in the WYSIWYG editor
✓ WYSIWYG: line-based text utils (sort/trim/dedup) hidden
✓ compare in WYSIWYG: switches back to raw view + flashes the drop target
✓ games hub not present before unlock (lazy-loaded)
✓ Konami code unlocks + opens the arcade hub
✓ Snake launches
✓ Snake exposes Walls + Boosters options
✓ Snake Walls toggle persists and restarts cleanly
✓ Snake: field size resizes grid + walls are connected and fully reachable
✓ 2048 launches
✓ 2048 merge move slides source tiles before showing merged value
✓ 2048 win result overlay sits above board and score HUD
✓ 2048 exposes explicit 2048 win state
✓ 2048 game-over result overlay sits above board and score HUD
✓ 2048 mobile game-over result overlay sits above board and score HUD
✓ Flappy Bird launches
✓ Flappy Bird: Space flaps (run starts, upward velocity)
✓ Flappy Bird: click flaps
✓ Flappy Bird: SFX toggle mutes + persists
✓ Tetris launches
✓ Tetris: clean start + next preview + gravity escalates with level
✓ Tetris: hard drop scores + locks without error
✓ Breakout launches
✓ Breakout: clean start + wider level set + ball speed escalates with level
✓ Breakout: speed selector, skip level, and mute control exposed
✓ Breakout: speed option changes ball speed
✓ Breakout: skip level advances to a fresh stuck-ball board
✓ Breakout: ball launches on Space
✓ Breakout: multiball adds balls + extra-life power-up
✓ Breakout: sticky/catch power-up catches and releases the ball
✓ Breakout: laser power-up shoots and breaks a brick
✓ Memory launches
✓ Memory: clean start, 6-pair board, moves budget = pairs*2+2
✓ Memory: card faces render at full size
✓ Memory: matching a pair scores (ramped) + spends one move
✓ Memory: running out of moves ends the game
✓ Minesweeper launches
✓ Minesweeper: clean Easy 9×9 start
✓ Minesweeper: Easy/Medium/Hard/Solvable difficulty options configure board sizes
✓ Minesweeper: safe first dig reveals + scores
✓ Minesweeper: Flag mode flags a covered cell
✓ Minesweeper: Solvable mode generated deterministic no-guess boards across first-click starts
✓ Sokoban launches
✓ Sokoban: clean start + 156 levels + ramped solve value
✓ Sokoban: Solve has a stored solution for the level
✓ Sokoban: Solve disables Undo while running, then offers Next
✓ Sokoban: fast-forward toggle switches speed mode
✓ Sokoban: pushing the box onto the goal solves + scores
✓ Sokoban: set picker lists all 12 sets (incl. Sasquatch + unsolved)
✓ Sokoban: choosing Microban II switches set (135 levels, fresh start, stored solution)
✓ Sokoban: level selector jumps to an arbitrary level (156 options)
✓ Sokoban: Unsolved Challenges batch loads + renders with no stored solution
✓ Asteroids launches
✓ Asteroids: clean start + waves escalate
✓ Asteroids: Space fires a bullet
✓ Asteroids: lock toggles continuous auto-fire
✓ Simon launches
✓ Simon: clean start + tempo escalates
✓ Simon: repeating the sequence scores (ramped by round)
✓ Simon: Hard = 16 pads + losing resets the board (no stuck-lit pad)
✓ Pong launches
✓ Pong: clean start + ball speed escalates
✓ Pong: ball is in play (loop running)
✓ Pong: relative slide moves the paddle
✓ Pong: W/S activates 2-player mode
✓ Stage 1 loads from bundled stage.generated.js (not per-module index.js)
✓ Defragmenter fresh start shows stages 1–9 unlocked (stage 10 gated)
✓ Defragmenter bell control sits in header before Back to arcade
✓ Defragmenter initializes fresh v5 save with Stage 1
✓ Stage 1 tabs stay locked when only lifetime bits exceed 150
✓ Stage 1 economy messages feed the v3 header bell log
✓ Stage 1 tabs unlock leaves a click target that still earns bits
✓ Stage 1 earn button works after switching to achievements tab and back
✓ Stage 1 buy buttons stay clickable (no native disabled flicker)
✓ Stage 1 score HUD is an absolute top-right overlay
✓ Stage 1 help button appears in the header next to SFX
✓ Stage rules README button sits in the header before the bell
✓ README modal renders Stage 1 markdown (h1: "Stage 1 — Bit Foundry")
✓ README modal closes cleanly
✓ Stage 1 prestige depth unlocks pipeline→flux→entropy→echoes→resonance
✓ Stage 1 prestige grants persistent Cores (5)
✓ Stage 1 Pipeline auto-routes builder output (boxes 1→65)
✓ Stage 1 Flux meter charges and fires a ×3 boost at 100%
✓ Stage 1 Entropy decays an unprotected tier (10→9)
✓ Stage 1 Defrag Echo spawns and resolves on click
✓ Stage 1 Resonance discovered at the box:booster sweet spot
✓ Stage 1 boss gated until all tiers owned + bits ≥ ticket
✓ Stage 1 boss is unwinnable while the cheat is active
✓ Stage 1 raw edit sets canonical 1.cheat_disabled action
✓ Stage 1 boss won after the raw-edit un-cheat (fair fight)
✓ Stage 1 victory recorded through the orchestrator (defeated includes 1)
✓ Stage 2 glyph rune (♦) collects without error and survives a save round-trip
✓ Stage 2 element matrix: freeze→shatter combo + phantom pinned by torchlight
✓ Stage 2 body: descended all 3 acts to the floor-9 boss
✓ Stage 2 boss starts locked before search action
✓ Stage 2 search action unlocks boss and achievement
✓ Stage 2 defeat unlocks Stage 3 through v3 orchestrator
✓ Stage 3 boss starts locked with missing column clues
✓ Stage 3 boss is unreachable from start (key refused before corruption 8)
✓ Stage 3 acquire fold: 3-card mix of purchasable upgrade(s) + free boon(s), pick resolves the draft
✓ Stage 3 body: solved snapshots to peak corruption 8 (20 solves)
✓ Stage 3 aliased-clues tier appeared during the body (3 aliased line(s))
✓ Stage 3 two-colour snapshot renders colour-B clues at peak corruption
✓ Stage 3 boss stays locked after the body until the diff un-cheat
✓ Stage 3 three-way diff: v1 has 3 chunks, v2 lost one, v3 lost two
✓ Stage 3 3-way diff (corruption order) reconstructs the restoration key
✓ Stage 3 restoration key sets 3.diff_key_restored and achievement
✓ Stage 3 defeat unlocks Stage 4 through v3 orchestrator
✓ Stage 4 campaign: 5-map select, boss gated behind all maps (no start bypass)
✓ Stage 4 tower-defense runs: map 1 wave 1 resolves and advances
✓ Stage 4 depth: new tower builds + upgrades to L3 + picks an irrevocable tier-3 fork
✓ Stage 4 boss is unwinnable before the blueprint file is opened (total-armor while locked)
✓ Stage 4 clears via blueprint un-cheat + recursion-point coverage after all maps cleared
✓ Stage 5 opens on play: one primed START (round 1), no simulate-loop bypass
✓ Stage 5 ascension ladder wired: 4 rungs (opt-in replay depth)
✓ Stage 5 boss is locked until the run is cleared (boss round refuses to start from fresh)
✓ Stage 5 run cleared: rounds 1–8 (incl. time-trial + fork relay) played to reach The Jammer
✓ Stage 5 jammer is unwinnable without calibration (load-bearing un-cheat)
✓ Stage 5: full run + calibrated counter-wave defeats Signal Racer
✓ Stage 6 Protocol Codex opens on the deck-builder hub (no boss bypass)
✓ Stage 6 daily/custom seed is deterministic (same key ⇒ same run) and run score is scored
✓ Stage 6 run begins: act map offers routable nodes
✓ Stage 6 mid-combat is checkpointed to the save (reload resumes the same fight — exploit closed)
✓ Stage 6 first run ends at act 4 (The Refused Connection); acts 5-6 unlock on first win
✓ Stage 6 veteran run restores the full six acts (5-6 unlocked)
✓ Stage 6 true-ending keys granted (untouchable / ascetic / sacrifice)
✓ Stage 6 boss is a real-deck fight reached only through a run
✓ Stage 6 boss is unwinnable until Chapter 9 is read (locked Signals deal 0)
✓ Stage 6 negotiation won; the 3 keys divert to the hidden superboss (not yet cleared)
✓ Stage 6 superboss fought with a representative end-game loadout (not the starter deck)
✓ Stage 6 key-gated superboss defeated → true ending
✓ Stage 6 superboss is a real climax (won at 6/50 HP in 14 turns)
✓ Stage 6 cleared via real-deck negotiation + key-gated true-ending superboss
✓ Stage 7 is a real 6-stage investigation: no GPS bypass, accusation+boss gated from start
✓ Stage 7 SS1–SS3 deductions advance to the reference chase
✓ Stage 7 SS4: opening the anchor exhibit breaks the chain and opens Case 2 (Duplicate Roster)
✓ Stage 7 continuity: Case-1 deductions carried onto the board as established facts
✓ Stage 7 Case 2: accusation impossible before opening the route table (load-bearing)
✓ Stage 7 Case 2: opening route_table.csv mints the decisive fact card on the evidence board
✓ Stage 7 Case 2: correct triad names the duplicate and opens Case 3 (Quorum Ghost)
✓ Stage 7 Case 3: accusation impossible after only OPENING the ledger (search is load-bearing)
✓ Stage 7 Case 3: SEARCHING session_ledger.csv mints the decisive fact card
✓ Stage 7 Case 3: correct triad names the ghost and reaches the EXIF boss
✓ Stage 7 boss evidence: Entity F JPEG EXIF GPS is outside known layers
✓ Stage 7 boss: opening the photo does NOT unlock the boss (open is not enough)
✓ Stage 7 boss: inspecting the Metadata pane (GPS row) unlocks the boss
✓ Stage 7: full investigation + EXIF un-cheat clears Identity Arbiter
✓ Stage 8 survival sim wired: 14 node health bars + Advance Cycle + engine hook
✓ Stage 8 boots fresh at cycle 1 (no pre-seeded debris/States)
✓ Stage 8 BYPASS CLOSED: fresh two-click Heat Death attempt is locked, not a win
✓ Stage 8 body gate reached (cycles + reserves), boss still locked pending the un-cheat
✓ Stage 8 three Cascade Storms survived: network grew core→α→β→γ (14→34), storm gate met
✓ Stage 8 run is checkpointed to the "runsim" slot (reload resumes the same run)
✓ Stage 8 fully gated after the archive un-cheat (all four gates met)
✓ Stage 8 tech tree: salvage parts buys a tech and applies its effect
✓ Stage 8 structures: salvage parts builds a Heat Sink that folds into venting
✓ Stage 8 Heat Death endured via the real burn
✓ Stage 8 Microstate prestige: collapse banks Cores + a permanent income multiplier
✓ Stage 8: real survival run + archive un-cheat + endured burn clears Entropy Field
✓ Stage 9 timing game wired: rotating ring + OBSERVE/CROSS + engine hook
✓ Stage 9 starts on movement 1 (boss gated behind the full run)
✓ Stage 9 online run clears the learnable front, then stalls at the onlineUnstable back third
✓ Stage 9 clarity spend: Tachometer bought online; Single-Frame peek refused while live (offline-only)
✓ Stage 9 Single-Frame peek buyable once offline (aid gated by the un-cheat, not a bypass)
✓ Stage 9: full run cleared + offline-timed CROSS defeats Observer State
✓ Stage 10 echo witness is token-gated (a spoofed action without the real token is rejected)
✓ Stage 10 integration is echo-gated (boss not reachable without witnessing echoes)
✓ Stage 10 echoes include 6 DISTINCT real-feature gates (raw Original, search, Diff, nested-path, metadata, download)
✓ Stage 10 final choice is gated behind the confrontation
✓ Stage 10 three-phase confrontation completed (compaction + fragmentation + core)
✓ Stage 10 confront achievements unlocked (flawless compaction + all traces conceded)
✓ Stage 10 route achievement unlocked for the chosen final route (understand)
✓ Stage 10 final outcome summarizes the completed route
✓ Stage 10 Defragmenter rebuttal reflects confront conduct + Phase-C stance
✓ Stage 10 understand route renders the woven Synthesis epilogue
✓ Stage 10 renders the awakening ending (capstone)
✓ Stage 10 resolves, integrates all memories, wins the confrontation, and completes Awakening
✓ .bts files open through markdown viewer
✓ no console/page errors
✓ ZERO off-origin requests (trust guarantee)
✓ tree-drag: single file opens a sidebar root before drag
✓ tree-drag: sidebar visible after folder load
✓ tree-drag: at least 2 file rows in tree
✓ tree-drag: file rows have draggable=true
✓ tree-drag: dragged sidebar file opens side-by-side overlay
✓ tree-drag: workspace drop keeps current file active
✓ tree-drag: sidebar stays visible after side-by-side drag
✓ tree-drag: folder drop records virtual move + destination indicator
✓ tree-drag: moved files export at resolved path with _moves.sh
✓ examples catalog loaded (1115 samples)
✓ programming language samples indexed (37)
✓ sourced samples include provenance metadata (3)
✓ sourced ebook/image samples are non-placeholder assets
✓ dedicated raster image format samples indexed (5)
✓ dedicated TIFF sample indexed as a decodable image
✓ dedicated HEIF/AVIF samples indexed (2)
✓ JPEG XL sample indexed as a decodable image
✓ dedicated media format samples indexed (10)
✓ MP4 sample decodes as a real 320×180 video track
✓ container-dependent media samples document partial playback support
✓ dedicated font format samples indexed (4)
✓ font samples carry Font category
✓ design/layered samples expose explicit catalog types
✓ XCF sample documents partial structure-only support
✓ all indexed samples open without preview crashes
✓ all registered types have indexed sample coverage (144)
✓ sample catalog produced no console/page errors
✓ sample catalog made zero off-origin requests
✓ sourced badge visible on sample.png in examples gallery
✓ no sample is individually linked to the ASCII Studio tool
✓ gallery exposes one standalone ASCII Studio button (no per-sample links)
✓ ASCII Studio tool loads linked sample image from same-origin query
✓ ASCII Studio renders a JPEG ?sample= (not the placeholder)
✓ ASCII Studio tool has a single webcam entry (studio 📷 button, no page tab)
✓ partial badge visible on partial-support samples in examples gallery
✓ JPEG XL shows sourced ✓ and no partial ⚠ (decodes now)
✓ search + filter chips appear above the file-type groups
✓ known-files section sits after the last file-type group
✓ show-all button is at the bottom (after known-files section)
✓ known/enhanced files excluded from category groups
✓ known/enhanced files present in dedicated known-files section (767)
✓ gallery search filter still narrows and restores the visible cards

SMOKE PASSED
→ Markdown remote-resource privacy (headless Chromium)…
markdown remote-resource privacy test passed

SMOKE PASSED
→ HTML remote-resource privacy (headless Chromium)…
html remote-resource privacy test passed

SMOKE PASSED
→ Embedded SVG/email/EPUB remote-resource privacy (headless Chromium)…
embedded remote-resource privacy test passed

SMOKE PASSED
→ Offline save/update readiness (headless Chromium)…
✓ cache-on-use works before opt-in and does not claim a full save
✓ first-visit save queues until the initial controller claims the page
✓ concurrent tab saves are queued, correlated, and both selections are persisted
✓ modal controls, exact presets, totals, focus, and responsive layout are correct
✓ offline modal fits phone, tablet, and desktop in both themes
✓ limited Office selection is honest; selected dependencies work and omitted viewer misses offline
✓ production full save caches every release-manifest asset with exact source bytes
✓ real Office preset reopens an actual XLSX viewer after a hard offline reload
✓ failed and interrupted saves never report ready and resume to an exact full cache
✓ cache eviction overrides stale localStorage readiness
✓ v1 to v2 update prompts, cleans only stale app caches, and reevaluates saved state

OFFLINE READINESS PASSED — 11 scenarios
→ running exhaustive Sokoban solution replay unit suite…
✓ Microban (microban): 156 levels, 156 solved+verified, 0 pending, 0 bad
✓ Microban II (microban2): 135 levels, 135 solved+verified, 0 pending, 0 bad
✓ Microban III (microban3): 101 levels, 101 solved+verified, 0 pending, 0 bad
✓ Microban IV (microban4): 102 levels, 102 solved+verified, 0 pending, 0 bad
✓ Minicosmos (minicosmos): 40 levels, 40 solved+verified, 0 pending, 0 bad
✓ Microcosmos (microcosmos): 40 levels, 40 solved+verified, 0 pending, 0 bad
✓ Nabokosmos (nabokosmos): 40 levels, 40 solved+verified, 0 pending, 0 bad
✓ Picokosmos (picokosmos): 20 levels, 20 solved+verified, 0 pending, 0 bad
✓ Yoshio Murase (yoshio): 52 levels, 52 solved+verified, 0 pending, 0 bad
✓ Sasquatch (sasquatch): 47 levels, 47 solved+verified, 0 pending, 0 bad
✓ Sasquatch II (sasquatch2): 5 levels, 5 solved+verified, 0 pending, 0 bad
✓ Unsolved Challenges (unsolved): 48 levels, 0 solved+verified, 48 pending, 0 bad
✓ all 12 sokoban set(s) valid
→ smoke test: known-file viewers (fresh browser process, avoids WSL2 OOM)…
✓ package.json gets the enhanced view (rendered in the parent pane)
✓ dependencies link to npm (4 deps)
✓ npm links are external-safe (noopener, new tab)
✓ enhance chip shows the active known-file
✓ package.json metadata includes package and dependency counts
✓ package.json review shows broad dependency ranges
✓ package.json source starts collapsed
✓ package.json script click opens and highlights source
✓ package.json lifecycle, shell, duplicate, and broad range diagnostics shown
✓ revert chip switches to the plain JSON tree view
✓ Cargo.toml: dependencies link to crates.io
✓ Cargo.toml: source starts collapsed
✓ Cargo.toml: dependency click opens and highlights source
✓ Cargo.toml: broad, git, path, and duplicate dependency diagnostics shown
✓ tsconfig.json: compiler options annotated
✓ Dockerfile: instructions broken down (2 FROM stages)
✓ Dockerfile metadata comes from known-file extractor
✓ docker-compose: a card per service (web, api, db, cache)
✓ docker-compose: Docker Hub image links are href-only
✓ docker-compose: image links are external-safe
✓ docker-compose: build and local bind hints are visible
✓ docker-compose: secret-like environment values are masked
✓ docker-compose: review warnings are shown
✓ docker-compose: source starts collapsed
✓ docker-compose: service click opens and highlights source
✓ docker-compose metadata includes stack and volume facts
✓ .gitignore: patterns annotated (directory, un-ignore, …)
✓ requirements.txt: packages link to PyPI
✓ requirements.txt: extras and option kinds are tagged
✓ requirements.txt: option URLs are not linked as packages
✓ requirements.txt metadata includes pinning and index facts
✓ go.mod: modules link to pkg.go.dev (+ indirect tagged)
✓ composer.json: dependencies link to Packagist
✓ composer.json: source starts collapsed
✓ composer.json: dependency click opens and highlights source
✓ composer.json: broad, platform, branch, and duplicate diagnostics shown
✓ Gemfile: badge shown
✓ Gemfile: rails gem shown
✓ Gemfile: groups shown
✓ CODEOWNERS: badge shown
✓ CODEOWNERS: owners shown
✓ CODEOWNERS: sections shown
✓ .editorconfig: sections per glob (+ root flag)
✓ pom.xml: dependencies link to mvnrepository (+ scope tagged)
✓ build.gradle: renders
✓ build.gradle: badge shown
✓ build.gradle: content shown
✓ build.gradle: deps link to mvnrepository
✓ Pipfile: packages link to PyPI (+ Python version)
✓ OpenAPI: endpoints listed by method + path (6 ops)
✓ OpenAPI metadata includes title and endpoint count
✓ GitHub Actions: badge shown
✓ GitHub Actions: triggers shown
✓ GitHub Actions: jobs shown
✓ GitHub Actions: job graph and risk notes shown
✓ GitHub Actions: dependency edges shown
✓ GitHub Actions: source starts collapsed
✓ GitHub Actions: item click opens and highlights source
✓ GitHub Actions: risky trigger, permissions, shell, action, missing need, and secret diagnostics shown
✓ Kubernetes: badge shown
✓ Kubernetes: kind shown
✓ Kubernetes: name/namespace shown
✓ Kubernetes: containers and workload review shown
✓ Kubernetes: source starts collapsed
✓ Kubernetes: item click opens and highlights source
✓ Kubernetes: workload risks and secret masking shown
✓ k8s-rbac: badge shown
✓ k8s-rbac: kind shown
✓ k8s-rbac: name shown
✓ k8s-rbac: resources shown
✓ k8s-rbac: verbs shown
✓ k8s-network-policy: badge shown
✓ k8s-network-policy: name shown
✓ k8s-network-policy: policy types shown
✓ k8s-network-policy: pod selector shown
✓ k8s-hpa: badge shown
✓ k8s-hpa: kind shown
✓ k8s-hpa: target shown
✓ k8s-hpa: replica range shown
✓ k8s-hpa: metrics shown
✓ k8s-ingress: badge shown
✓ k8s-ingress: name shown
✓ k8s-ingress: ingress class shown
✓ k8s-ingress: hosts shown
✓ k8s-ingress: backend services shown
✓ pubspec: badge shown
✓ pubspec: name/version shown
✓ pubspec.yaml: renders
✓ pubspec.yaml: badge shown
✓ pubspec.yaml: deps shown
✓ pubspec.lock: renders
✓ pubspec.lock: badge shown
✓ pubspec.lock: packages shown
✓ netlify.toml: renders
✓ netlify.toml: badge shown
✓ netlify.toml: build command shown
✓ netlify.toml: review findings shown
✓ netlify.toml: unknown top-level section diagnostic shown
✓ netlify.toml: hover source help shown
✓ netlify.toml: source collapsed
✓ netlify.toml: source links open source
✓ vercel.json: renders
✓ vercel.json: badge shown
✓ vercel.json: framework shown
✓ vercel.json: review findings shown
✓ vercel.json: secrets masked
✓ vercel.json: unknown top-level key diagnostic shown
✓ vercel.json: hover source help shown
✓ vercel.json: source collapsed
✓ vercel.json: source links open source
✓ pyproject.toml: renders
✓ pyproject.toml: badge shown
✓ pyproject.toml: content shown
✓ pyproject.toml: badge shown (spec)
✓ pyproject.toml: project info shown
✓ .npmrc: badge shown
✓ .npmrc: registry URL shown
✓ .npmrc: auth tokens masked as [configured]
✓ renovate.json: badge shown
✓ renovate.json: extends shown
✓ renovate.json: package rules shown
✓ .prettierrc.json: badge shown
✓ .prettierrc.json: printWidth shown
✓ .prettierrc.json: trailing comma shown
✓ turbo.json: renders
✓ turbo.json: badge shown
✓ turbo.json: pipeline shown
✓ dependabot.yml: badge shown
✓ .eslintrc.json: badge shown
✓ .eslintrc.json: extends shown
✓ .eslintrc.json: rules shown
✓ Earthfile: badge shown
✓ Earthfile: targets shown
✓ Earthfile: docker target shown
✓ jest.config.json: badge shown
✓ jest.config.json: env and coverage shown
✓ .stylelintrc.json: badge shown
✓ .stylelintrc.json: extends shown
✓ .stylelintrc.json: SCSS plugin shown
✓ babel.config.json: badge shown
✓ babel.config.json: presets shown
✓ .commitlintrc.json: badge shown
✓ .commitlintrc.json: rules shown
✓ lefthook.yml: badge shown
✓ lefthook.yml: hook stages shown
✓ wrangler.toml: badge shown
✓ wrangler.toml: content shown
✓ wrangler.toml: review findings shown
✓ wrangler.toml: unknown top-level key diagnostic shown
✓ wrangler.toml: hover source help shown
✓ wrangler.toml: source collapsed
✓ wrangler.toml: source links open source
✓ fly.toml: renders
✓ fly.toml: badge shown
✓ fly.toml: app info shown
✓ cliff.toml: badge shown
✓ cliff.toml: commit groups shown
✓ cliff.toml: git settings shown
✓ .releaserc.json: badge shown
✓ .releaserc.json: plugins shown
✓ lerna.json: renders
✓ lerna.json: badge shown
✓ lerna.json: config shown
✓ nx.json: renders
✓ nx.json: badge shown
✓ nx.json: config shown
✓ nx.json: cloud token masked
✓ biome.json: badge shown
✓ biome.json: formatter shown
✓ biome.json: JS settings shown
✓ codecov.yml: badge shown
✓ codecov.yml: coverage target shown
✓ codecov.yml: flags shown
✓ serverless.yml: badge shown
✓ serverless.yml: functions shown
✓ azure-pipelines.yml: badge shown
✓ azure-pipelines.yml: stages and pool shown
✓ azure-pipelines.yml: review findings shown
✓ azure-pipelines.yml: dependency and variable details shown
✓ azure-pipelines.yml: hover explains source action
✓ azure-pipelines.yml: source starts collapsed
✓ azure-pipelines.yml: clicking item opens source line
✓ vscode-settings.json: badge shown
✓ vscode-settings.json: settings shown
✓ vscode-extensions.json: badge shown
✓ vscode-extensions.json: extensions shown
✓ vscode-launch.json: badge shown
✓ vscode-launch.json: configs shown
✓ vscode-tasks.json: badge shown
✓ vscode-tasks.json: tasks shown
✓ travis.yml: badge shown
✓ travis.yml: language shown
✓ travis.yml: review findings shown
✓ travis.yml: env and branch details shown
✓ travis.yml: hover explains source action
✓ travis.yml: source starts collapsed
✓ travis.yml: clicking item opens source line
✓ circleci.yml: renders
✓ circleci.yml: badge shown
✓ circleci.yml: jobs shown
✓ circleci.yml: review findings shown
✓ circleci.yml: workflow dependency graph shown
✓ circleci.yml: hover explains source action
✓ circleci.yml: source starts collapsed
✓ circleci.yml: clicking item opens source line
✓ amplify.yml: badge shown
✓ amplify.yml: build phases shown
✓ buildspec.yml: badge shown
✓ buildspec.yml: phases shown
✓ buildspec.yml: review findings shown
✓ buildspec.yml: runtime/artifact/cache details shown
✓ buildspec.yml: hover explains source action
✓ buildspec.yml: source starts collapsed
✓ buildspec.yml: clicking item opens source line
✓ jsconfig.json: title shown
✓ jsconfig.json: options shown
✓ deno.json: badge shown
✓ deno.json: imports or tasks shown
✓ nvmrc: badge shown
✓ nvmrc: version shown
✓ browserslistrc: badge shown
✓ browserslistrc: queries shown
✓ pre-commit-config.yaml: badge shown
✓ pre-commit-config.yaml: hooks shown
✓ pyrightconfig.json: badge shown
✓ pyrightconfig.json: config shown
✓ tox.ini: badge shown
✓ tox.ini: envlist shown
✓ tox.ini: lint env shown
✓ pytest.ini: badge shown
✓ pytest.ini: testpaths shown
✓ pytest.ini: markers shown
✓ mypy.ini: badge shown
✓ mypy.ini: python version shown
✓ mypy.ini: module overrides shown
✓ angular.json: badge shown
✓ angular.json: projects shown
✓ capacitor.config.json: badge shown
✓ capacitor.config.json: config shown
✓ .nycrc.json: badge shown
✓ .nycrc.json: thresholds shown
✓ devcontainer.json: badge shown
✓ devcontainer.json: name shown
✓ devcontainer.json: ports shown
✓ knip.json: badge shown
✓ knip.json: content shown
✓ .mocharc.json: badge shown
✓ .mocharc.json: config shown
✓ .gitlab-ci.yml: badge shown
✓ .gitlab-ci.yml: stages/jobs shown
✓ .gitlab-ci.yml: review findings shown
✓ .gitlab-ci.yml: job needs graph shown
✓ .gitlab-ci.yml: hover explains source action
✓ .gitlab-ci.yml: source starts collapsed
✓ .gitlab-ci.yml: clicking item opens source line
✓ pnpm-workspace.yaml: badge shown
✓ pnpm-workspace.yaml: workspaces shown
✓ vitest.config.json: badge shown
✓ vitest.config.json: config shown
✓ graphql.config.json: badge shown
✓ graphql.config.json: config shown
✓ apollo.config.json: badge shown
✓ apollo.config.json: client and service shown
✓ storybook.main.json: badge shown
✓ storybook.main.json: addons and framework shown
✓ .drone.yml: badge shown
✓ .drone.yml: steps shown
✓ buildkite.yml: badge shown
✓ buildkite.yml: steps shown
✓ skaffold.yaml: badge shown
✓ skaffold.yaml: build and deploy shown
✓ .hadolint.yaml: renders
✓ .hadolint.yaml: badge shown
✓ .hadolint.yaml: config shown
✓ trivy.yaml: renders
✓ trivy.yaml: badge shown
✓ trivy.yaml: scan config shown
✓ firebase.json: badge shown
✓ firebase.json: config sections shown
✓ firebase.json: review findings shown
✓ firebase.json: unknown top-level key diagnostic shown
✓ firebase.json: hover source help shown
✓ firebase.json: source collapsed
✓ firebase.json: source links open source
✓ app.json (Expo): badge shown
✓ app.json (Expo): app config shown
✓ tailwind.config.json: badge shown
✓ tailwind.config.json: config shown
✓ postcss.config.json: badge shown
✓ postcss.config.json: plugins shown
✓ .huskyrc.json: badge shown
✓ .huskyrc.json: hooks shown
✓ .lintstagedrc.json: badge shown
✓ .lintstagedrc.json: glob rules shown
✓ nest-cli.json: badge shown
✓ nest-cli.json: projects shown
✓ .swcrc: badge shown
✓ .swcrc: compiler config shown
✓ Chart.yaml: renders
✓ Chart.yaml: Helm badge shown
✓ Chart.yaml: chart info shown
✓ Chart.yaml: chart name and dependencies shown
✓ Chart.yaml: review findings shown
✓ Chart.yaml: hover source help shown
✓ Chart.yaml: source collapsed
✓ Chart.yaml: source links open source
✓ kustomization.yaml: renders
✓ kustomization.yaml: Kustomize badge shown
✓ kustomization.yaml: resources shown
✓ kustomization.yaml: commonLabels shown
✓ ansible-playbook.yml: Ansible badge shown
✓ ansible-playbook.yml: plays and tasks shown
✓ Pulumi.yaml: Pulumi badge shown
✓ Pulumi.yaml: runtime and config shown
✓ packer.json: Packer badge shown
✓ packer.json: builders and provisioners shown
✓ ruff.toml: badge shown
✓ ruff.toml: python version shown
✓ ruff.toml: line length shown
✓ uv.toml: uv badge shown
✓ uv.toml: Python version and settings shown
✓ values.yaml: renders
✓ values.yaml: Helm Values badge shown
✓ values.yaml: values info shown
✓ values.yaml: review findings shown
✓ values.yaml: hover source help shown
✓ values.yaml: source collapsed
✓ values.yaml: source links open source
✓ package-lock.json: badge shown
✓ package-lock.json: stats shown
✓ package-lock.json: dependency rows shown
✓ package-lock.json: source collapsed
✓ package-lock.json: source links open source
✓ package-lock.json: broad range, mismatch, and resolution diagnostics shown
✓ composer.lock: badge shown
✓ composer.lock: packages shown
✓ pnpm-lock.yaml: badge shown
✓ pnpm-lock.yaml: stats shown
✓ Cargo.lock: badge shown
✓ Cargo.lock: crates shown
✓ poetry.lock: badge shown
✓ poetry.lock: packages shown
✓ Project.toml: Julia badge shown
✓ Project.toml: package name shown
✓ Project.toml: dependencies shown
✓ Manifest.toml: Julia Manifest badge shown
✓ Manifest.toml: julia_version shown
✓ Manifest.toml: packages shown
✓ Manifest.toml: lockfile warning shown
✓ go.sum: badge shown
✓ go.sum: module list shown
✓ go.work: badge shown
✓ go.work: modules or version shown
✓ Makefile: renders
✓ Makefile: badge shown
✓ Makefile: targets shown
✓ Justfile: badge shown
✓ Justfile: recipes shown
✓ Procfile: badge shown
✓ Procfile: process types shown
✓ rust-toolchain.toml: badge shown
✓ rust-toolchain.toml: channel shown
✓ rust-toolchain.toml: components shown
✓ .envrc: badge shown
✓ .envrc: exports shown
✓ .envrc: sensitive values redacted
✓ mise.toml: badge shown
✓ mise.toml: tools shown
✓ .tool-versions: renders
✓ .tool-versions: badge shown
✓ .tool-versions: tools shown
✓ .gitattributes: badge shown
✓ .gitattributes: line endings shown
✓ .gitattributes: LFS shown
✓ .mailmap: title shown
✓ .mailmap: canonical names shown
✓ .npmignore: title shown
✓ .npmignore: patterns shown
✓ .dockerignore: title shown
✓ .dockerignore: patterns shown
✓ .npmignore: renders
✓ .npmignore: badge shown
✓ .npmignore: patterns shown
✓ .dockerignore: renders
✓ .dockerignore: badge shown
✓ .dockerignore: patterns shown
✓ appveyor.yml: badge shown
✓ appveyor.yml: label shown
✓ appveyor.yml: build info shown
✓ .rubocop.yml: badge shown
✓ .rubocop.yml: label shown
✓ .rubocop.yml: ruby version shown
✓ .rubocop_todo.yml: renders
✓ .rubocop_todo.yml: badge shown
✓ .rubocop_todo.yml: cops shown
✓ Taskfile.yml: badge shown
✓ Taskfile.yml: label shown
✓ Taskfile.yml: tasks shown
✓ mkdocs.yml: badge shown
✓ mkdocs.yml: label shown
✓ mkdocs.yml: site info shown
✓ Gemfile.lock: chip shown
✓ Gemfile.lock: content shown
✓ sonar-project.properties: badge shown
✓ sonar-project.properties: project name shown
✓ sonar-project.properties: token masked
✓ hatch.toml: chip shown
✓ hatch.toml: content shown
✓ rush.json: badge shown
✓ rush.json: version and projects shown
✓ .markdownlint.json: badge shown
✓ .markdownlint.json: rules shown
✓ .markdownlint.json: line length shown
✓ .clang-format: renders
✓ .clang-format: badge shown
✓ .clang-format: style shown
✓ .clang-tidy: renders
✓ .clang-tidy: badge shown
✓ .clang-tidy: checks shown
✓ moon.yml: renders
✓ moon.yml: badge shown
✓ moon.yml: tasks shown
✓ crowdin.yml: badge shown
✓ crowdin.yml: file mappings shown
✓ Matchfile: badge shown
✓ Matchfile: certificate config shown
✓ Appfile: badge shown
✓ Appfile: app config shown
✓ .ruby-version: badge shown
✓ .ruby-version: install commands shown
✓ .python-version: badge shown
✓ .python-version: version and install commands shown
✓ supabase config.toml: badge shown
✓ supabase config.toml: settings shown
✓ _redirects: badge shown
✓ _redirects: rules shown
✓ CMakeLists.txt: badge shown
✓ CMakeLists.txt: targets or deps shown
✓ Jenkinsfile: renders
✓ Jenkinsfile: badge shown
✓ Jenkinsfile: stages shown
✓ Vagrantfile: badge shown
✓ Vagrantfile: box shown
✓ BUILD.bazel: Bazel badge shown
✓ BUILD.bazel: targets shown
✓ .bazelrc: Bazel badge shown
✓ .bazelrc: option groups shown
✓ build.ninja: Ninja badge shown
✓ build.ninja: rules or targets shown
✓ .gitconfig: Git badge shown
✓ .gitconfig: sections shown
✓ .gitconfig: user identity shown
✓ playwright.config.ts: Playwright badge shown
✓ playwright.config.ts: browsers shown
✓ playwright.config.ts: base URL shown
✓ playwright.config.ts: web server indicator shown
✓ cypress.config.js: Cypress badge shown
✓ cypress.config.js: base URL shown
✓ cypress.config.js: component testing section shown
✓ cypress.config.js: env var count shown
✓ wdio.conf.js: WebdriverIO badge shown
✓ wdio.conf.js: browsers shown
✓ wdio.conf.js: base URL shown
✓ wdio.conf.js: framework shown
✓ k6.config.js: k6 badge shown
✓ k6.config.js: VU count shown
✓ k6.config.js: stages shown
✓ k6.config.js: thresholds shown
✓ .goreleaser.yaml: GoReleaser badge shown
✓ .goreleaser.yaml: project name shown
✓ .goreleaser.yaml: build targets shown
✓ .goreleaser.yaml: archive formats shown
✓ .golangci.yml: badge shown
✓ .golangci.yml: linters shown
✓ .golangci.yml: timeout shown
✓ buf.yaml: Buf badge shown
✓ buf.yaml: version shown
✓ buf.yaml: dependencies shown
✓ .mockery.yaml: mockery badge shown
✓ .mockery.yaml: packages shown
✓ .mockery.yaml: interfaces shown
✓ .mockery.yaml: with-expecter setting shown
✓ .ko.yaml: ko badge shown
✓ .ko.yaml: base image shown
✓ .ko.yaml: platforms shown
✓ .ko.yaml: SBOM setting shown
✓ sqlc.yaml: sqlc badge shown
✓ sqlc.yaml: SQL engine shown
✓ sqlc.yaml: queries/schema paths shown
✓ sqlc.yaml: output dirs shown
✓ nfpm.yaml: nfpm badge shown
✓ nfpm.yaml: package name shown
✓ nfpm.yaml: package formats shown
✓ nfpm.yaml: install scripts shown
✓ heroku.yml: Heroku badge shown
✓ heroku.yml: Docker build shown
✓ heroku.yml: process types shown
✓ .readthedocs.yaml: ReadTheDocs badge shown
✓ .readthedocs.yaml: build environment shown
✓ .readthedocs.yaml: doc tool or formats shown
✓ CITATION.cff: Citation badge shown
✓ CITATION.cff: title shown
✓ CITATION.cff: authors shown
✓ CITATION.cff: DOI shown
✓ .yamllint.yml: yamllint badge shown
✓ .yamllint.yml: extends shown
✓ .yamllint.yml: key rules shown
✓ .coderabbit.yaml: CodeRabbit badge shown
✓ .coderabbit.yaml: auto-review status shown
✓ .coderabbit.yaml: tools or filters shown
✓ vcpkg.json: vcpkg badge shown
✓ vcpkg.json: package name shown
✓ vcpkg.json: dependencies listed
✓ vcpkg.json: features shown
✓ CMakePresets.json: CMake Presets badge shown
✓ CMakePresets.json: minimum CMake version shown
✓ CMakePresets.json: configure presets listed
✓ CMakePresets.json: summary tags shown
✓ conanfile.txt: Conan badge shown
✓ conanfile.txt: requires listed
✓ conanfile.txt: generators shown
✓ prometheus.yml: Prometheus badge shown
✓ prometheus.yml: scrape jobs shown
✓ prometheus.yml: scrape_interval shown
✓ prometheus.yml: alertmanager target shown
✓ prometheus.yml: password masked
✓ traefik.yml: badge shown
✓ traefik.yml: entry points shown
✓ traefik.yml: providers shown
✓ alertmanager.yml: Alertmanager badge shown
✓ alertmanager.yml: receivers shown
✓ alertmanager.yml: receiver types shown
✓ alertmanager.yml: route settings shown
✓ alertmanager.yml: secrets masked
✓ datadog.yaml: Datadog badge shown
✓ datadog.yaml: site shown
✓ datadog.yaml: tags shown
✓ datadog.yaml: feature flags shown
✓ ionic.config.json: Ionic badge shown
✓ ionic.config.json: app name shown
✓ ionic.config.json: app ID shown
✓ ionic.config.json: integrations shown
✓ ionic.config.json: project type shown
✓ metro.config.js: Metro badge shown
✓ metro.config.js: server port shown
✓ metro.config.js: SVG support shown
✓ metro.config.js: source extensions shown
✓ react-native.config.js: React Native CLI badge shown
✓ react-native.config.js: dependencies shown
✓ react-native.config.js: platforms shown
✓ react-native.config.js: assets shown
✓ stack.yaml: Haskell Stack badge shown
✓ stack.yaml: resolver shown
✓ stack.yaml: local packages shown
✓ stack.yaml: extra deps shown
✓ example.cabal: Cabal badge shown
✓ example.cabal: package name shown
✓ example.cabal: version shown
✓ example.cabal: components shown
✓ example.cabal: build dependencies shown
✓ Package.resolved: Swift badge shown
✓ Package.resolved: pinned packages shown
✓ Package.resolved: package versions shown
✓ rebar.config: Erlang/rebar3 badge shown
✓ rebar.config: dependencies shown
✓ rebar.config: minimum OTP version shown
✓ rebar.config: profiles shown
✓ rebar.config: dialyzer shown
✓ project.clj: Leiningen badge shown
✓ project.clj: project name shown
✓ project.clj: version shown
✓ project.clj: dependencies listed
✓ project.clj: plugins shown
✓ project.clj: profiles shown
✓ deps.edn: Clojure CLI badge shown
✓ deps.edn: dependencies listed
✓ deps.edn: source paths shown
✓ deps.edn: aliases shown
✓ shadow-cljs.edn: Shadow-cljs badge shown
✓ shadow-cljs.edn: dependencies listed
✓ shadow-cljs.edn: source paths shown
✓ shadow-cljs.edn: builds shown
✓ shadow-cljs.edn: dev HTTP port shown
✓ app.yaml: renders
✓ app.yaml: App Engine badge shown
✓ app.yaml: runtime shown
✓ app.yaml: environment shown
✓ app.yaml: sensitive env vars masked
✓ cloudbuild.yaml: Cloud Build badge shown
✓ cloudbuild.yaml: build steps shown
✓ cloudbuild.yaml: timeout and machine type shown
✓ google-services.json: Firebase badge shown
✓ google-services.json: project ID shown
✓ google-services.json: app client shown
✓ catalog-info.yaml: Backstage badge shown
✓ catalog-info.yaml: entity kind shown
✓ catalog-info.yaml: entity name shown
✓ catalog-info.yaml: lifecycle shown
✓ docusaurus.config.js: Docusaurus badge shown
✓ docusaurus.config.js: site title shown
✓ docusaurus.config.js: URL shown
✓ docusaurus.config.js: navbar items shown
✓ vitepress.config.ts: VitePress badge shown
✓ vitepress.config.ts: site title shown
✓ vitepress.config.ts: nav items shown
✓ vitepress.config.ts: sidebar sections shown
✓ conf.py: Sphinx badge shown
✓ conf.py: project name shown
✓ conf.py: author shown
✓ conf.py: HTML theme shown
✓ conf.py: extensions shown
✓ doxyfile: renders
✓ doxyfile: badge shown
✓ Doxyfile: project name shown
✓ Doxyfile: version shown
✓ Doxyfile: boolean flags shown
✓ Doxyfile: input directories shown
✓ .cursorrules: Cursor badge shown
✓ .cursorrules: sections shown
✓ .cursorrules: content sections shown
✓ CLAUDE.md: Claude Code badge shown
✓ CLAUDE.md: sections shown
✓ CLAUDE.md: project content shown
✓ copilot-instructions.md: GitHub Copilot badge shown
✓ copilot-instructions.md: sections shown
✓ copilot-instructions.md: content sections shown
✓ aider.conf.yml: Aider badge shown
✓ aider.conf.yml: model shown
✓ aider.conf.yml: edit format shown
✓ aider.conf.yml: auto-commits setting shown
✓ tauri.conf.json: Tauri badge shown
✓ tauri.conf.json: productName shown
✓ tauri.conf.json: version shown
✓ tauri.conf.json: bundle identifier shown
✓ tauri.conf.json: bundle targets shown
✓ tauri.conf.json: windows listed
✓ electron-builder.yml: Electron Builder badge shown
✓ electron-builder.yml: appId shown
✓ electron-builder.yml: productName shown
✓ electron-builder.yml: platform targets shown
✓ forge.config.js: Electron Forge badge shown
✓ forge.config.js: app name shown
✓ forge.config.js: makers shown
✓ forge.config.js: plugins or publishers shown
✓ wails.json: Wails badge shown
✓ wails.json: app name shown
✓ wails.json: wailsVersion shown
✓ wails.json: frontend dir shown
✓ wails.json: outputType shown
✓ web.config: ASP.NET badge shown
✓ web.config: connection strings shown
✓ web.config: app settings shown
✓ web.config: auth mode or HTTP errors shown
✓ web.config: secrets masked
✓ app.config: .NET badge shown
✓ app.config: runtime version shown
✓ app.config: connection strings shown
✓ app.config: app settings shown
✓ app.config: secrets masked
✓ packages.config: NuGet badge shown
✓ packages.config: package count shown
✓ packages.config: package ids shown
✓ packages.config: version and target framework shown
✓ launchSettings.json: ASP.NET Core badge shown
✓ launchSettings.json: profile count shown
✓ launchSettings.json: profiles shown
✓ launchSettings.json: application URLs shown
✓ launchSettings.json: environment variables shown
✓ appsettings.json: badge shown
✓ appsettings.json: connection strings shown
✓ appsettings.json: secrets masked
✓ appsettings.json: log levels shown
✓ appsettings.json: review warnings shown
✓ appsettings.json: redacted source is collapsed
✓ appsettings.json: source links open source preview
✓ terragrunt.hcl: Terragrunt badge shown
✓ terragrunt.hcl: source shown
✓ terragrunt.hcl: dependencies shown
✓ .tflint.hcl: TFLint badge shown
✓ .tflint.hcl: plugins shown
✓ .tflint.hcl: rule states shown
✓ .terraform.lock.hcl: badge shown
✓ .terraform.lock.hcl: provider shown
✓ .terraform.lock.hcl: hash count shown
✓ versions.tf: Terraform badge shown
✓ versions.tf: required_version shown
✓ versions.tf: providers shown
✓ mongod.conf: MongoDB badge shown
✓ mongod.conf: storage/network settings shown
✓ mongod.conf: replication section shown
✓ mongod.conf: keyFile value masked
✓ mongod.conf: review findings shown
✓ mongod.conf: keyFile path redacted
✓ mongod.conf: setting hover explains source action
✓ mongod.conf: redacted source starts collapsed
✓ mongod.conf: clicking setting opens source line
✓ my.cnf: MySQL badge shown
✓ my.cnf: [mysqld] section shown (port/bind)
✓ my.cnf: InnoDB buffer pool shown
✓ my.cnf: character set shown
✓ my.cnf: review findings shown
✓ my.cnf: setting hover explains source action
✓ my.cnf: redacted source starts collapsed
✓ my.cnf: clicking setting opens source line
✓ postgresql.conf: PostgreSQL badge shown
✓ postgresql.conf: connections section shown
✓ postgresql.conf: memory settings shown
✓ postgresql.conf: WAL section shown
✓ postgresql.conf: review findings shown
✓ postgresql.conf: ssl key path redacted
✓ postgresql.conf: setting hover explains source action
✓ postgresql.conf: redacted source starts collapsed
✓ postgresql.conf: clicking setting opens source line
✓ pgbouncer.ini: PgBouncer badge shown
✓ pgbouncer.ini: [databases] section shown
✓ pgbouncer.ini: pool_mode shown
✓ pgbouncer.ini: password in connection string masked
✓ pgbackrest.conf: pgBackRest badge shown
✓ pgbackrest.conf: repository info shown
✓ pgbackrest.conf: stanza names shown
✓ pgbackrest.conf: credentials redacted
✓ patroni.yml: Patroni badge shown
✓ patroni.yml: cluster/node info shown
✓ patroni.yml: DCS type shown
✓ .pylintrc: Pylint badge shown
✓ .pylintrc: disabled codes section shown
✓ .pylintrc: max-line-length shown
✓ .pylintrc: jobs shown
✓ .flake8: Flake8 badge shown
✓ .flake8: max-line-length shown
✓ .flake8: ignored codes shown
✓ .flake8: excluded paths shown
✓ setup.cfg: renders
✓ setup.cfg: badge shown
✓ setup.cfg: package name shown
✓ setup.cfg: version shown
✓ setup.cfg: dependencies shown
✓ setup.cfg: tool sections shown
✓ setup.cfg: badge shown (spec)
✓ setup.cfg: project info shown
✓ .bandit: Bandit badge shown
✓ .bandit: skipped test IDs shown
✓ .bandit: excluded dirs shown
✓ .bandit: severity filter shown
✓ .semgrep.yml: Semgrep badge shown
✓ .semgrep.yml: rule count shown
✓ .semgrep.yml: rule ids and severity shown
✓ .gitleaks.toml: Gitleaks badge shown
✓ .gitleaks.toml: rules section shown
✓ .gitleaks.toml: rule ids shown
✓ .gitleaks.toml: allowlists shown
✓ .trufflehog.yaml: TruffleHog badge shown
✓ .trufflehog.yaml: detectors shown
✓ .trufflehog.yaml: exclude paths shown
✓ osv-scanner.toml: OSV-Scanner badge shown
✓ osv-scanner.toml: ignored vulnerabilities section shown
✓ osv-scanner.toml: vulnerability IDs shown
✓ osv-scanner.toml: GoVersionOverride shown
✓ opencost.yaml: OpenCost badge shown
✓ opencost.yaml: cluster_id shown
✓ opencost.yaml: prometheus host shown
✓ crossplane-config.yaml: Crossplane badge shown
✓ crossplane-config.yaml: kind shown
✓ crossplane-config.yaml: name shown
✓ keda-scaledobject.yaml: KEDA badge shown
✓ keda-scaledobject.yaml: kind shown
✓ keda-scaledobject.yaml: name shown
✓ keda-scaledobject.yaml: triggers shown
✓ velero-schedule.yaml: Velero badge shown
✓ velero-schedule.yaml: kind shown
✓ velero-schedule.yaml: name shown
✓ velero-schedule.yaml: cron schedule shown
✓ .codeclimate.yml: Code Climate badge shown
✓ .codeclimate.yml: engines/plugins section shown
✓ .codeclimate.yml: engine names shown
✓ .codeclimate.yml: exclude patterns shown
✓ environment.yml: Conda badge shown
✓ environment.yml: env name shown
✓ environment.yml: channels shown
✓ environment.yml: python version shown
✓ environment.yml: dependencies shown
✓ environment.yml: pip packages section shown
✓ pip.conf: pip badge shown
✓ pip.conf: index-url shown
✓ pip.conf: trusted-host or timeout shown
✓ .node-version: Node.js badge shown
✓ .node-version: version shown
✓ .node-version: install commands shown
✓ docker-bake.hcl: Docker Bake badge shown
✓ docker-bake.hcl: target names shown
✓ docker-bake.hcl: platforms shown
✓ docker-bake.hcl: tags shown
✓ cloudformation.yaml: CloudFormation badge shown
✓ cloudformation.yaml: resource types shown
✓ cloudformation.yaml: parameters shown
✓ cloudformation.yaml: outputs shown
✓ sam-template.yaml: AWS SAM badge shown
✓ sam-template.yaml: function names shown
✓ sam-template.yaml: runtime shown
✓ sam-template.yaml: parameters shown
✓ cdk.json: AWS CDK badge shown
✓ cdk.json: app command shown
✓ cdk.json: context section shown
✓ cdk.json: context keys shown
✓ samconfig.toml: SAM Config badge shown
✓ samconfig.toml: environments shown
✓ samconfig.toml: stack_name shown
✓ samconfig.toml: regions shown
✓ analysis_options.yaml: Dart Analyzer badge shown
✓ analysis_options.yaml: linter rules shown
✓ analysis_options.yaml: excluded paths shown
✓ analysis_options.yaml: include shown
✓ Podfile: renders
✓ Podfile: badge shown
✓ Podfile: pods shown
✓ Podfile: pod names shown
✓ Podfile: use_frameworks! flag shown
✓ Podfile: targets shown
✓ Podfile.lock: renders
✓ Podfile.lock: badge shown
✓ Podfile.lock: pods shown
✓ Podfile.lock: pod names shown
✓ Podfile.lock: CocoaPods version shown
✓ Podfile.lock: checksums section shown
✓ MyApp.xcscheme: Xcode Scheme badge shown
✓ MyApp.xcscheme: build targets shown
✓ MyApp.xcscheme: build configurations shown
✓ MyApp.xcscheme: test targets section shown
✓ eas.json: EAS badge shown
✓ eas.json: build profiles shown
✓ eas.json: profile settings shown
✓ eas.json: submit profiles section shown
✓ .rspec: badge shown
✓ .rspec: format flag shown
✓ .rspec: require entry shown
✓ .bundler-audit.yml: badge shown
✓ .bundler-audit.yml: CVE IDs shown
✓ .bundler-audit.yml: ignore section shown
✓ .standard.yml: badge shown
✓ .standard.yml: ruby version shown
✓ .standard.yml: extends shown
✓ sorbet.config: badge shown
✓ sorbet.config: ignore patterns shown
✓ sorbet.config: experimental features shown
✓ dbt_project.yml: dbt badge shown
✓ dbt_project.yml: project name shown
✓ dbt_project.yml: profile shown
✓ dbt_project.yml: materializations shown
✓ dbt_project.yml: vars shown
✓ liquibase.properties: Liquibase badge shown
✓ liquibase.properties: host shown
✓ liquibase.properties: username shown
✓ liquibase.properties: password masked
✓ liquibase.properties: changeLogFile shown
✓ sqitch.conf: Sqitch badge shown
✓ sqitch.conf: core section shown
✓ sqitch.conf: targets shown
✓ sqitch.conf: credentials masked in URIs
✓ atlas.hcl: Atlas badge shown
✓ atlas.hcl: env blocks shown
✓ atlas.hcl: variables shown
✓ atlas.hcl: credentials masked in URLs
✓ prometheus-rules.yaml: badge shown
✓ prometheus-rules.yaml: alert group/rule shown
✓ prometheus-rules.yaml: severity shown
✓ prometheus-rules.yaml: recording rule shown
✓ grafana-dashboard.json: badge shown
✓ grafana-dashboard.json: title shown
✓ grafana-dashboard.json: schemaVersion shown
✓ grafana-dashboard.json: panels shown
✓ jaeger-config.yaml: badge shown
✓ jaeger-config.yaml: query port shown
✓ jaeger-config.yaml: storage type shown
✓ tempo.yaml: badge shown
✓ tempo.yaml: http port shown
✓ tempo.yaml: receivers shown
✓ tempo.yaml: storage backend shown
✓ tempo.yaml: credentials redacted
✓ mimir.yaml: badge shown
✓ mimir.yaml: http port shown
✓ mimir.yaml: storage backend shown
✓ mimir.yaml: limits shown
✓ mimir.yaml: credentials redacted
✓ JSHandle@node
✓ cortex.yaml: badge shown
✓ cortex.yaml: http port shown
✓ cortex.yaml: storage backend shown
✓ cortex.yaml: credentials redacted
✓ JSHandle@node
✓ config.alloy: badge shown
✓ config.alloy: component types shown
✓ config.alloy: total component count shown
✓ opentelemetry-k8s.yaml: badge shown
✓ opentelemetry-k8s.yaml: collector shown
✓ opentelemetry-k8s.yaml: mode shown
✓ opentelemetry-k8s.yaml: instrumentation shown
✓ aws-credentials: AWS Credentials badge shown
✓ aws-credentials: profile names shown
✓ aws-credentials: access key ID shown (masked)
✓ aws-credentials: secret key is masked
✓ aws-credentials: security warning shown
✓ aws-credentials: credential review warnings shown
✓ aws-credentials: source preview redacts raw secrets
✓ aws-credentials: redacted source is collapsed
✓ aws-credentials: source links open source preview
✓ aws-config: AWS Config badge shown
✓ aws-config: profile names shown
✓ aws-config: region values shown
✓ aws-config: role/mfa fields shown
✓ kubeconfig.yaml: kubectl badge shown
✓ kubeconfig.yaml: current context highlighted
✓ kubeconfig.yaml: cluster names shown
✓ kubeconfig.yaml: cert/token data is redacted
✓ kubeconfig.yaml: security warning shown
✓ kubeconfig.yaml: copy command button present
✓ gcp-service-account.json: GCP Service Account badge shown
✓ gcp-service-account.json: project_id shown
✓ gcp-service-account.json: client_email shown
✓ gcp-service-account.json: private key is redacted
✓ gcp-service-account.json: security warning shown
✓ gcp-service-account.json: key review warnings shown
✓ gcp-service-account.json: source preview redacts key id
✓ gcp-service-account.json: redacted source is collapsed
✓ gcp-service-account.json: source links open source preview
✓ apisix.yaml: APISIX badge shown
✓ apisix.yaml: deployment mode shown
✓ apisix.yaml: ports shown
✓ apisix.yaml: plugin names shown
✓ apisix.yaml: etcd config shown
✓ envoy.yaml: Envoy badge shown
✓ envoy.yaml: node id shown
✓ envoy.yaml: admin port shown
✓ envoy.yaml: listeners shown
✓ envoy.yaml: clusters shown
✓ httpd.conf: Apache badge shown
✓ httpd.conf: VirtualHost or ServerName shown
✓ httpd.conf: SSL or DocumentRoot shown
✓ httpd.conf: review findings shown
✓ httpd.conf: directive hover help shown
✓ httpd.conf: source collapsed
✓ httpd.conf: source links open source
✓ haproxy.cfg: HAProxy badge shown
✓ haproxy.cfg: maxconn shown
✓ haproxy.cfg: frontend blocks shown
✓ haproxy.cfg: backend blocks shown
✓ haproxy.cfg: balance algorithms shown
✓ haproxy.cfg: review findings shown
✓ haproxy.cfg: stats auth secret redacted
✓ haproxy.cfg: directive hover help shown
✓ haproxy.cfg: redacted source collapsed
✓ haproxy.cfg: source links open redacted source
✓ squid.conf: Squid badge shown
✓ squid.conf: http_port shown
✓ squid.conf: ACL names shown
✓ squid.conf: access rules shown
✓ squid.conf: DNS nameservers shown
✓ workspace.xml: JetBrains Workspace badge shown
✓ workspace.xml: Run Configurations section shown
✓ workspace.xml: run config names shown
✓ workspace.xml: Changed Files section shown
✓ workspace.xml: VCS Mappings section shown
✓ init.lua: Neovim Config badge shown
✓ init.lua: lazy.nvim plugin manager detected
✓ init.lua: Key Mappings section shown
✓ init.lua: Options section shown
✓ init.lua: colorscheme detected
✓ .vimrc: Vim Config badge shown
✓ .vimrc: vim-plug plugin manager detected
✓ .vimrc: colorscheme detected
✓ .vimrc: Settings section shown
✓ .vimrc: Key Mappings section shown
✓ init.el: Emacs Config badge shown
✓ init.el: use-package package manager detected
✓ init.el: Keybindings section shown
✓ init.el: package names shown
✓ init.el: Custom Variables section shown
✓ devbox.json: Devbox badge shown
✓ devbox.json: nix packages shown as chips
✓ devbox.json: env variable keys shown
✓ devbox.json: secret values are masked
✓ devbox.json: scripts shown
✓ .prototools: proto badge shown
✓ .prototools: tool names shown in table
✓ .prototools: tool versions shown
✓ .prototools: proto CLI version highlighted
✓ aqua.yaml: aqua badge shown
✓ aqua.yaml: registry type shown
✓ aqua.yaml: package names shown
✓ aqua.yaml: package versions shown as pills
✓ pixi.toml: pixi badge shown
✓ pixi.toml: project name and version shown
✓ pixi.toml: channels shown
✓ pixi.toml: conda dependencies shown
✓ pixi.toml: PyPI dependencies shown
✓ pixi.toml: tasks shown in table
✓ .woodpecker.yml: badge shown
✓ .woodpecker.yml: steps shown
✓ .woodpecker.yml: step images shown
✓ .woodpecker.yml: pipeline metadata shown
✓ .woodpecker.yml: review findings shown
✓ .woodpecker.yml: hover source help shown
✓ .woodpecker.yml: redacted source collapsed
✓ .woodpecker.yml: source links open redacted source
✓ woodpecker.yml: badge shown
✓ woodpecker.yml: steps shown
✓ woodpecker.yml: services shown
✓ woodpecker.yml: review findings shown
✓ woodpecker.yml: service secret redacted
✓ woodpecker.yml: redacted source collapsed
✓ harness-pipeline.yaml: badge shown
✓ harness-pipeline.yaml: pipeline identity shown
✓ harness-pipeline.yaml: stages shown
✓ harness-pipeline.yaml: stage details shown
✓ codefresh.yml: badge shown
✓ codefresh.yml: steps shown
✓ codefresh.yml: version shown
✓ codefresh.yml: pipeline metadata shown
✓ policy.rego: OPA Rego badge shown
✓ policy.rego: package name shown
✓ policy.rego: allow rules shown
✓ policy.rego: deny rules shown
✓ policy.rego: imports shown
✓ falco_rules.yaml: Falco Rules badge shown
✓ falco_rules.yaml: rule name shown
✓ falco_rules.yaml: priority levels shown
✓ falco_rules.yaml: tags shown
✓ falco_rules.yaml: macro names shown
✓ falco.yaml: Falco badge shown
✓ falco.yaml: rules files shown
✓ falco.yaml: log level shown
✓ falco.yaml: outputs shown
✓ kyverno-policy.yaml: Kyverno badge shown
✓ kyverno-policy.yaml: policy name shown
✓ kyverno-policy.yaml: validationFailureAction shown
✓ kyverno-policy.yaml: rule names shown
✓ kyverno-policy.yaml: matched kinds shown
✓ gatekeeper-constraint.yaml: Gatekeeper badge shown
✓ gatekeeper-constraint.yaml: constraint name shown
✓ gatekeeper-constraint.yaml: enforcementAction shown
✓ gatekeeper-constraint.yaml: match kinds shown
✓ gatekeeper-constraint.yaml: parameters shown
✓ .actrc: act badge shown
✓ .actrc: platform mappings shown
✓ .actrc: env/secrets shown
✓ .actrc: docker image shown
✓ config.xml: ClickHouse badge shown
✓ config.xml: TCP/HTTP ports shown
✓ config.xml: max_connections shown
✓ config.xml: log level shown
✓ config.xml: storage/database shown
✓ cassandra.yaml: Cassandra badge shown
✓ cassandra.yaml: cluster name shown
✓ cassandra.yaml: seed addresses shown
✓ cassandra.yaml: native_transport_port shown
✓ cassandra.yaml: auth/snitch settings shown
✓ elasticsearch.yml: Elasticsearch badge shown
✓ elasticsearch.yml: cluster.name shown
✓ elasticsearch.yml: node.name shown
✓ elasticsearch.yml: http.port shown
✓ elasticsearch.yml: X-Pack sensitive keys masked
✓ redis.conf: Redis badge shown
✓ redis.conf: network settings shown
✓ redis.conf: persistence settings shown
✓ redis.conf: review findings shown
✓ redis.conf: requirepass redacted
✓ redis.conf: directive hover explains source action
✓ redis.conf: redacted source starts collapsed
✓ redis.conf: clicking directive opens source line
✓ sentinel.conf: Redis Sentinel badge shown
✓ sentinel.conf: sentinel port shown
✓ sentinel.conf: monitored master names shown
✓ sentinel.conf: passwords are masked
✓ sentinel.conf: down-after/failover-timeout shown
✓ settings.py: Django Settings badge shown
✓ settings.py: INSTALLED_APPS listed
✓ settings.py: database engine shown
✓ settings.py: SECRET_KEY and DB password masked
✓ settings.py: DEBUG flag shown
✓ settings.py: ALLOWED_HOSTS shown
✓ application-production.yml: Spring Boot badge shown
✓ application-production.yml: application name shown
✓ application-production.yml: server port shown
✓ application-production.yml: datasource URL shown
✓ application-production.yml: secrets masked
✓ application-production.yml: Redis host shown
✓ application-production.yml: logging levels shown
✓ credentials.yml: Rails Credentials badge shown
✓ credentials.yml: credential sections shown
✓ credentials.yml: secret values masked
✓ credentials.yml: security warning shown
✓ puma.rb: Puma badge shown
✓ puma.rb: workers shown
✓ puma.rb: thread range shown
✓ puma.rb: environment shown
✓ puma.rb: preload_app status shown
✓ puma.rb: plugins listed
✓ example.nomad: Nomad Job badge shown
✓ example.nomad: job name shown
✓ example.nomad: job type shown
✓ example.nomad: datacenters shown
✓ example.nomad: task groups shown
✓ example.nomad: review findings shown
✓ example.nomad: inline secret redacted
✓ example.nomad: hover source help shown
✓ example.nomad: redacted source collapsed
✓ example.nomad: source links open redacted source
✓ docker-stack.yml: Docker Stack badge shown
✓ docker-stack.yml: service names shown
✓ docker-stack.yml: replica info shown
✓ docker-stack.yml: restart policy shown
✓ docker-stack.yml: secrets shown
✓ myapp.container: Podman Quadlet badge shown
✓ myapp.container: image shown
✓ myapp.container: secrets masked
✓ myapp.container: port shown
✓ myapp.container: volume shown
✓ myapp.container: review findings shown
✓ myapp.container: secret values redacted
✓ myapp.container: hover source help shown
✓ myapp.container: redacted source collapsed
✓ myapp.container: source links open redacted source
✓ flux-kustomization.yaml: Flux Kustomization badge shown
✓ flux-kustomization.yaml: name shown
✓ flux-kustomization.yaml: path shown
✓ flux-kustomization.yaml: sync settings shown
✓ flux-kustomization.yaml: dependsOn shown
✓ flux-kustomization.yaml: review findings shown
✓ flux-kustomization.yaml: hover source help shown
✓ flux-kustomization.yaml: source collapsed
✓ flux-kustomization.yaml: source links open source
✓ sbom.cyclonedx.json: CycloneDX SBOM badge shown
✓ sbom.cyclonedx.json: spec version shown
✓ sbom.cyclonedx.json: component names shown
✓ sbom.cyclonedx.json: vulnerability shown
✓ sbom.cyclonedx.json: tool name shown
✓ sbom.spdx: SPDX SBOM badge shown
✓ sbom.spdx: SPDX version shown
✓ sbom.spdx: document name shown
✓ sbom.spdx: package names shown
✓ sbom.spdx: license info shown
✓ provenance.json: SLSA Provenance badge shown
✓ provenance.json: statement type shown
✓ provenance.json: subject name shown
✓ provenance.json: builder info shown
✓ provenance.json: materials shown
✓ .syft.yaml: Syft badge shown
✓ .syft.yaml: output formats shown
✓ .syft.yaml: catalogers shown
✓ .syft.yaml: enabled/disabled state shown
✓ .syft.yaml: secret exclusions shown
✓ proguard-rules.pro: ProGuard badge shown
✓ proguard-rules.pro: filename shown
✓ proguard-rules.pro: rule types shown in summary
✓ proguard-rules.pro: class patterns shown in keep rules table
✓ proguard-rules.pro: Android green badge rendered
✓ strings.xml: Android Strings badge shown
✓ strings.xml: string names shown in table
✓ strings.xml: string values shown
✓ strings.xml: string-array section shown
✓ strings.xml: plurals section shown
✓ strings.xml: search input rendered
✓ dvc.yaml: DVC badge shown
✓ dvc.yaml: pipeline stages shown
✓ dvc.yaml: stage commands shown
✓ dvc.yaml: stage dep/out/param lists shown
✓ MLproject: MLflow badge shown
✓ MLproject: project name shown
✓ MLproject: entry points shown
✓ MLproject: parameters shown
✓ hydra-config.yaml: Hydra badge shown
✓ hydra-config.yaml: defaults groups shown
✓ hydra-config.yaml: target class or _self_ shown
✓ hydra-config.yaml: config values shown
✓ wandb-settings: W&B badge shown
✓ wandb-settings: entity shown
✓ wandb-settings: project shown
✓ wandb-settings: mode shown
✓ newrelic.yml: New Relic badge shown
✓ newrelic.yml: app_name shown
✓ newrelic.yml: license_key masked
✓ newrelic.yml: config sections shown
✓ newrelic.yml: environments shown
✓ dtconfig.yaml: Dynatrace badge shown
✓ dtconfig.yaml: environment/API URL shown
✓ dtconfig.yaml: apiToken masked
✓ dtconfig.yaml: network zones shown
✓ elastic-apm-agent.properties: Elastic APM badge shown
✓ elastic-apm-agent.properties: service_name shown
✓ elastic-apm-agent.properties: environment shown
✓ elastic-apm-agent.properties: secret_token masked
✓ elastic-apm-agent.properties: sample rate shown
✓ JSHandle@node
✓ filebeat.yml: Elastic Filebeat badge shown
✓ filebeat.yml: inputs shown
✓ filebeat.yml: output type shown
✓ filebeat.yml: credentials masked
✓ JSHandle@node
✓ heartbeat.yml: Elastic Heartbeat badge shown
✓ heartbeat.yml: monitors shown
✓ heartbeat.yml: monitor type chips shown
✓ heartbeat.yml: output type shown
✓ heartbeat.yml: credentials masked
✓ hardhat.config.js: Hardhat badge shown
✓ hardhat.config.js: network names shown
✓ hardhat.config.js: Solidity version shown
✓ hardhat.config.js: Etherscan configured shown
✓ truffle-config.js: Truffle badge shown
✓ truffle-config.js: network names shown
✓ truffle-config.js: Solidity version shown
✓ truffle-config.js: build directory shown
✓ foundry.toml: Foundry badge shown
✓ foundry.toml: Solidity version shown
✓ foundry.toml: RPC endpoint names shown
✓ foundry.toml: remappings shown
✓ foundry.toml: RPC URLs hidden message shown
✓ Anchor.toml: Anchor badge shown
✓ Anchor.toml: program names shown
✓ Anchor.toml: cluster names shown
✓ Anchor.toml: wallet path shown
✓ pom.xml: Maven POM badge shown
✓ pom.xml: groupId / artifactId shown
✓ pom.xml: dependency names shown
✓ pom.xml: test scope shown
✓ libs.versions.toml: Gradle Catalog badge shown
✓ libs.versions.toml: version aliases shown
✓ libs.versions.toml: library aliases shown
✓ libs.versions.toml: bundle aliases shown
✓ libs.versions.toml: plugin aliases shown
✓ checkstyle.xml: Checkstyle badge shown
✓ checkstyle.xml: Checker module shown
✓ checkstyle.xml: TreeWalker module shown
✓ checkstyle.xml: check module names shown
✓ spotbugs-exclude.xml: SpotBugs badge shown
✓ spotbugs-exclude.xml: bug pattern names shown
✓ spotbugs-exclude.xml: class / package filters shown
✓ spotbugs-exclude.xml: filter type and match count shown
✓ php.ini: PHP Config badge shown
✓ php.ini: memory_limit shown
✓ php.ini: upload_max_filesize shown
✓ php.ini: timezone shown
✓ php.ini: session/opcache sections shown
✓ psalm.xml: Psalm badge shown
✓ psalm.xml: error level shown
✓ psalm.xml: PHP version shown
✓ psalm.xml: plugins shown
✓ psalm.xml: issue handlers shown
✓ phpunit.xml.dist: PHPUnit badge shown
✓ phpunit.xml.dist: test suites shown
✓ phpunit.xml.dist: bootstrap shown
✓ phpunit.xml.dist: coverage paths shown
✓ rector.php: Rector badge shown
✓ rector.php: PHP version shown
✓ rector.php: PHP sets shown
✓ rector.php: rules shown
✓ rector.php: dead code level shown
✓ keycloak-realm.json: Keycloak badge shown
✓ keycloak-realm.json: realm name shown
✓ keycloak-realm.json: clients shown
✓ keycloak-realm.json: client secret masked
✓ keycloak-realm.json: realm roles shown
✓ keycloak-realm.json: identity provider shown
✓ authelia-config.yml: Authelia badge shown
✓ authelia-config.yml: backend type shown
✓ authelia-config.yml: session domain shown
✓ authelia-config.yml: access control policies shown
✓ authelia-config.yml: secrets masked
✓ oauth2-proxy.cfg: OAuth2 Proxy badge shown
✓ oauth2-proxy.cfg: provider shown
✓ oauth2-proxy.cfg: upstream shown
✓ oauth2-proxy.cfg: cookie domain / email domain shown
✓ oauth2-proxy.cfg: secrets masked
✓ authentik-blueprint.yaml: Authentik badge shown
✓ authentik-blueprint.yaml: blueprint version shown
✓ authentik-blueprint.yaml: model types shown
✓ authentik-blueprint.yaml: entry identifiers shown
✓ authentik-blueprint.yaml: secrets masked
✓ app.csproj: .NET Project badge shown
✓ app.csproj: SDK name shown in header
✓ app.csproj: target framework shown
✓ app.csproj: package references listed
✓ app.csproj: project references listed
✓ nuget.config: renders
✓ nuget.config: NuGet badge shown
✓ nuget.config: nuget.org source listed
✓ nuget.config: private feed source listed
✓ nuget.config: config options or clear flag shown
✓ Directory.Build.props: MSBuild badge shown
✓ Directory.Build.props: well-known properties shown
✓ Directory.Build.props: CPM property shown
✓ Directory.Build.props: package reference shown
✓ Common.props: MSBuild badge shown
✓ Common.props: properties shown
✓ Common.props: package versions listed
✓ Common.props: target element shown
✓ Common.props: import element shown
✓ wg0.conf: badge shown
✓ wg0.conf: private key redacted
✓ wg0.conf: peers shown
✓ client.ovpn: badge shown
✓ client.ovpn: remote shown
✓ client.ovpn: embedded keys noted
✓ .bashrc: badge shown
✓ .bashrc: aliases shown
✓ flake.nix: badge shown
✓ flake.nix: content shown
✓ hugo.toml: badge shown
✓ hugo.toml: theme shown
✓ hugo.toml: baseURL shown
✓ DESCRIPTION: badge shown
✓ DESCRIPTION: package info shown
✓ DESCRIPTION: dependencies shown
✓ esbuild.config.mjs: badge shown
✓ esbuild.config.mjs: entry/output shown
✓ settings.xml: badge shown
✓ settings.xml: credentials redacted
✓ pg_hba.conf: badge shown
✓ pg_hba.conf: auth methods shown
✓ Caddyfile: badge shown
✓ Caddyfile: site address shown
✓ Caddyfile: directives shown
✓ Caddyfile: review findings shown
✓ Caddyfile: directive hover help shown
✓ Caddyfile: source collapsed
✓ Caddyfile: source links open source
✓ nginx.conf: badge shown
✓ nginx.conf: upstream shown
✓ nginx.conf: server_name shown
✓ nginx.conf: review findings shown
✓ nginx.conf: directive hover help shown
✓ nginx.conf: source collapsed
✓ nginx.conf: source links open source
✓ ansible.cfg: Ansible badge shown
✓ ansible.cfg: defaults section shown
✓ ansible.cfg: forks shown
✓ makepkg.conf: badge shown
✓ makepkg.conf: CARCH shown
✓ makepkg.conf: compiler flags shown
✓ inventory: Ansible badge shown
✓ inventory: groups shown
✓ supervisord.conf: badge shown
✓ supervisord.conf: program shown
✓ logrotate.conf: badge shown
✓ logrotate.conf: log target shown
✓ tlp.conf: TLP badge shown
✓ tlp.conf: CPU governor shown
✓ tlp.conf: battery charge threshold shown
✓ .env.example: ENV badge shown
✓ .env.example: variables shown
✓ ssh_config: badge shown
✓ ssh_config: github.com host shown
✓ ssh_config: host settings shown
✓ ssh_config: copy button present
✓ sshd_config: badge shown
✓ sshd_config: PermitRootLogin shown
✓ sshd_config: PasswordAuthentication shown
✓ sshd_config: review findings shown
✓ sshd_config: directive hover help shown
✓ sshd_config: source collapsed
✓ sshd_config: source links open source
✓ api.postman_collection.json: Postman badge shown
✓ api.postman_collection.json: collection name shown
✓ api.postman_collection.json: folders/items shown
✓ schema.graphql: GraphQL badge shown
✓ schema.graphql: Query operations shown
✓ schema.graphql: types/mutations shown
✓ hosts: hosts badge shown
✓ hosts: localhost entry shown
✓ resolv.conf: DNS badge shown
✓ resolv.conf: Cloudflare nameserver shown
✓ fstab: badge shown
✓ fstab: ext4 fs type shown
✓ crypttab: badge shown
✓ crypttab: luks option shown
✓ myapp.service: systemd badge shown
✓ myapp.service: ExecStart shown
✓ myapp.service: description shown
✓ myapp.service: review findings shown
✓ myapp.service: hover source help shown
✓ myapp.service: source collapsed
✓ myapp.service: source links open source
✓ crontab: cron badge shown
✓ crontab: backup job shown
✓ crontab: human schedule descriptions shown
✓ cert-manager: badge shown
✓ cert-manager: ClusterIssuer kind shown
✓ cert-manager: letsencrypt issuer shown
✓ iptables.rules: iptables badge shown
✓ iptables.rules: chain or table shown
✓ ufw.conf: UFW badge shown
✓ ufw.conf: default policies shown
✓ victoria-metrics.yml: VictoriaMetrics badge shown
✓ victoria-metrics.yml: scrape jobs shown
✓ thanos-bucket.yml: Thanos badge shown
✓ thanos-bucket.yml: S3 storage type shown
✓ thanos-bucket.yml: bucket shown
✓ thanos.yaml: Thanos badge shown
✓ thanos.yaml: S3 storage type shown
✓ loki-config.yaml: Loki badge shown
✓ loki-config.yaml: schema or storage section shown
✓ jail.local: Fail2ban badge shown
✓ jail.local: sshd jail or bantime shown
✓ smb.conf: Samba badge shown
✓ smb.conf: data share or workgroup shown
✓ Corefile: CoreDNS badge shown
✓ Corefile: kubernetes or forward plugin shown
✓ containerd.toml: containerd badge shown
✓ containerd.toml: sandbox_image or overlayfs shown
✓ main.cf: Postfix badge shown
✓ main.cf: myhostname or hostname shown
✓ chrony.conf: NTP badge shown
✓ chrony.conf: pool or google NTP shown
✓ gradle-wrapper.properties: badge shown
✓ gradle-wrapper.properties: Gradle version shown
✓ gradle-wrapper.properties: distribution info shown
✓ gradle.properties: badge shown
✓ gradle.properties: build settings shown
✓ gradle.properties: Kotlin version shown
✓ settings.gradle: renders
✓ settings.gradle: badge shown
✓ settings.gradle: modules shown
✓ settings.gradle: root project name shown
✓ settings.gradle: subprojects shown
✓ build.sbt: badge shown
✓ build.sbt: project name shown
✓ build.sbt: dependencies shown
✓ build.xml: Ant badge shown
✓ build.xml: project name shown
✓ build.xml: targets shown
✓ sudoers: badge shown
✓ sudoers: access rules shown (NOPASSWD or %sudo)
✓ exports: NFS badge shown
✓ exports: export options shown
✓ rsyslog.conf: rsyslog badge shown
✓ rsyslog.conf: log routing shown
✓ lighttpd.conf: Lighttpd badge shown
✓ lighttpd.conf: document-root or modules shown
✓ named.conf: BIND badge shown
✓ named.conf: zone names shown
✓ named.conf: zone types shown
✓ unbound.conf: Unbound badge shown
✓ unbound.conf: forward addresses shown
✓ unbound.conf: access control shown
✓ dhcpd.conf: DHCP badge shown
✓ dhcpd.conf: subnet shown
✓ dhcpd.conf: host reservations shown
✓ vector.toml: Vector badge shown
✓ vector.toml: sources/sinks shown
✓ keepalived.conf: Keepalived badge shown
✓ keepalived.conf: VRRP instance state shown
✓ netdata.conf: Netdata badge shown
✓ netdata.conf: global or plugins section shown
✓ .yarnrc.yml: Yarn badge shown
✓ .yarnrc.yml: nodeLinker or Berry shown
✓ cpanfile: Perl badge shown
✓ cpanfile: required dependencies shown
✓ openssl.cnf: OpenSSL badge shown
✓ openssl.cnf: distinguished_name or CA info shown
✓ default.vcl: Varnish badge shown
✓ default.vcl: backend or vcl_recv info shown
✓ usr.bin.nginx: AppArmor badge shown
✓ usr.bin.nginx: capability or enforce info shown
✓ sysctl.conf: sysctl badge shown
✓ sysctl.conf: net namespace or vm.swappiness shown
✓ blacklist.conf: modprobe badge shown
✓ blacklist.conf: blacklist section shown
✓ dovecot.conf: Dovecot badge shown
✓ dovecot.conf: protocols or imap shown
✓ exim4.conf: Exim badge shown
✓ exim4.conf: routers or transports shown
✓ sys.config: Erlang badge shown
✓ sys.config: application names shown (kernel or myapp)
✓ vm.args: Erlang VM badge shown
✓ vm.args: node identity or scheduler section shown
✓ krb5.conf: Kerberos badge shown
✓ krb5.conf: realm information shown
✓ gpg.conf: GnuPG badge shown
✓ gpg.conf: keyserver or cipher information shown
✓ grub: GRUB badge shown
✓ grub: cmdline parameters or timeout shown
✓ nftables.conf: nftables badge shown
✓ nftables.conf: chain or filter information shown
✓ i3.config: i3 badge shown
✓ i3.config: modifier key (Mod4/Super) shown
✓ i3.config: keybindings section shown
✓ sway: Sway badge shown
✓ sway: output configuration shown
✓ sway: input configuration shown
✓ app.ini: Gitea badge shown
✓ app.ini: server or database information shown
✓ stunnel.conf: stunnel badge shown
✓ stunnel.conf: client mode or accept address shown
✓ hyprland.conf: Hyprland badge shown
✓ hyprland.conf: monitor or mainMod information shown
✓ lxc.config: LXC badge shown
✓ lxc.config: network or rootfs information shown
✓ .tmux.conf: tmux badge shown
✓ .tmux.conf: prefix key shown
✓ .screenrc: GNU Screen badge shown
✓ .screenrc: scrollback or hardstatus shown
✓ alacritty.toml: Alacritty badge shown
✓ alacritty.toml: font or opacity shown
✓ kitty.conf: kitty badge shown
✓ kitty.conf: font_family or scrollback shown
✓ dunstrc: dunst badge shown
✓ dunstrc: urgency levels or timeout shown
✓ polybar.ini: Polybar badge shown
✓ polybar.ini: modules or bar configuration shown
✓ .muttrc: Mutt/NeoMutt badge shown
✓ .muttrc: account settings shown
✓ .muttrc: raw passwords not exposed
✓ .muttrc: bindings or color rules shown
✓ foot.ini: foot badge shown
✓ foot.ini: font shown
✓ foot.ini: opacity shown
✓ config.rasi: Rofi badge shown
✓ config.rasi: launch mode chips shown
✓ config.rasi: matching or font shown
✓ mako: mako badge shown
✓ mako: anchor position shown
✓ mako: timeout shown
✓ mako: criteria sections shown
✓ daemon.conf: PulseAudio badge shown
✓ daemon.conf: sample format shown
✓ daemon.conf: sample rate shown
✓ daemon.conf: realtime or resample settings shown
✓ pipewire.conf: PipeWire badge shown
✓ pipewire.conf: clock rate shown
✓ pipewire.conf: exec entries shown
✓ pipewire.conf: modules grouped and listed
✓ .wezterm.lua: WezTerm badge shown
✓ .wezterm.lua: font or color scheme shown
✓ aria2.conf: aria2 badge shown
✓ aria2.conf: download dir or concurrency shown
✓ aria2.conf: RPC secret is masked
✓ picom.conf: picom badge shown
✓ picom.conf: backend or shadow information shown
✓ mpd.conf: MPD badge shown
✓ mpd.conf: music directory or audio outputs shown
✓ shard.yml: Crystal badge shown
✓ shard.yml: package name or version shown
✓ shard.yml: dependencies shown
✓ build.zig.zon: Zig badge shown
✓ build.zig.zon: package name or version shown
✓ dune-project: Dune badge shown
✓ dune-project: project name or stanza info shown
✓ dune-project: package count shown
✓ .scalafmt.conf: scalafmt badge shown
✓ .scalafmt.conf: version or maxColumn shown
✓ .scalafmt.conf: rewrite rules or dialect shown
✓ .scalafix.conf: renders
✓ .scalafix.conf: badge shown
✓ .scalafix.conf: rules shown
✓ bspwmrc: bspwm badge shown
✓ bspwmrc: monitor names shown
✓ bspwmrc: layout settings shown
✓ bspwmrc: border colors shown
✓ sxhkdrc: sxhkd badge shown
✓ sxhkdrc: binding count shown
✓ sxhkdrc: Super key bindings shown
✓ sxhkdrc: commands listed
✓ mpv.conf: mpv badge shown
✓ mpv.conf: video output shown
✓ mpv.conf: hwdec shown
✓ yt-dlp.conf: yt-dlp badge shown
✓ yt-dlp.conf: format spec shown
✓ yt-dlp.conf: output path shown
✓ ncmpcpp.conf: ncmpcpp badge shown
✓ ncmpcpp.conf: MPD host shown
✓ ncmpcpp.conf: visualizer type shown
✓ newsboat.conf: newsboat badge shown
✓ newsboat.conf: reload time shown
✓ newsboat.conf: browser command shown
✓ .Xresources: Xresources badge shown
✓ .Xresources: DPI or Xft settings shown
✓ .Xresources: color palette shown
✓ xorg.conf: Xorg badge shown
✓ xorg.conf: GPU driver shown
✓ xorg.conf: section names shown
✓ rclone.conf: rclone badge shown
✓ rclone.conf: remote names shown
✓ rclone.conf: remote type chips shown
✓ rclone.conf: credentials are redacted
✓ rclone.conf: [configured] placeholder shown for secrets
✓ resticprofile.toml: restic badge shown
✓ resticprofile.toml: profile names shown
✓ resticprofile.toml: repository or password-file shown
✓ resticprofile.toml: AWS credentials are redacted
✓ .taskrc: Taskwarrior badge shown
✓ .taskrc: data location shown
✓ .taskrc: urgency coefficients shown
✓ .taskrc: taskd.credentials masked
✓ .curlrc: renders
✓ .curlrc: badge shown
✓ .curlrc: redirect setting shown
✓ .curlrc: timeout shown
✓ .curlrc: credentials masked
✓ .inputrc: readline badge shown
✓ .inputrc: editing mode shown
✓ .inputrc: completion settings shown
✓ .wgetrc: renders
✓ .wgetrc: badge shown
✓ .wgetrc: timeout shown
✓ .wgetrc: retry count shown
✓ .wgetrc: credentials masked
✓ helix.toml: Helix badge shown
✓ helix.toml: theme shown
✓ helix.toml: line-number setting shown
✓ lfrc: lf badge shown
✓ lfrc: icons setting shown
✓ lfrc: key mappings section shown
✓ ranger.conf: Ranger badge shown
✓ ranger.conf: column ratios shown
✓ ranger.conf: preview_images chip shown
✓ zathurarc: Zathura badge shown
✓ zathurarc: default-bg color shown
✓ zathurarc: recolor mode shown
✓ wsl.conf: WSL2 badge shown
✓ wsl.conf: automount section shown
✓ wsl.conf: systemd chip shown
✓ loader.conf: systemd-boot badge shown
✓ loader.conf: default entry shown
✓ loader.conf: timeout shown
✓ cmus.rc: cmus badge shown
✓ cmus.rc: output plugin shown
✓ cmus.rc: colorscheme shown
✓ pacman.conf: pacman badge shown
✓ pacman.conf: repositories count shown
✓ pacman.conf: ParallelDownloads shown
✓ pacman.conf: repository names shown
✓ Brewfile: renders
✓ Brewfile: badge shown
✓ Brewfile: packages shown
✓ Brewfile: taps section shown
✓ Brewfile: formulae section shown
✓ Brewfile: casks section shown
✓ dnf.conf: DNF badge shown
✓ dnf.conf: GPG check chip shown
✓ dnf.conf: parallel downloads shown
✓ .gdbinit: GDB badge shown
✓ .gdbinit: display settings or history shown
✓ .gdbinit: extensions or custom commands shown
✓ gradle.properties: JVM heap shown
✓ gradle.properties: Android section shown
✓ gradle.properties: performance settings shown
✓ haproxy.cfg: badge shown
✓ haproxy.cfg: frontend shown
✓ haproxy.cfg: backend shown
✓ haproxy.cfg: stats password masked
✓ 50-usb.rules: badge shown
✓ 50-usb.rules: USB subsystem shown
✓ 50-usb.rules: plugdev group shown
✓ .pre-commit-config.yaml: badge shown
✓ .pre-commit-config.yaml: repo shown
✓ .pre-commit-config.yaml: hook shown
✓ conky.conf: badge shown
✓ conky.conf: alignment shown
✓ conky.conf: update interval shown
✓ mypackage.opam: badge shown
✓ mypackage.opam: package name shown
✓ mypackage.opam: dependencies shown
✓ mypackage.opam: license shown
✓ mypackage.opam: maintainer shown
✓ deny.toml: badge shown
✓ deny.toml: licenses shown
✓ deny.toml: advisories shown
✓ release-please-config.json: badge shown
✓ release-please-config.json: release type shown
✓ release-please-config.json: packages shown
✓ .nanorc: badge shown
✓ .nanorc: settings shown
✓ .nanorc: syntax includes shown
✓ global.json: badge shown
✓ global.json: SDK version shown
✓ global.json: rollForward shown
✓ rustfmt.toml: badge shown
✓ rustfmt.toml: max_width shown
✓ rustfmt.toml: edition shown
✓ clippy.toml: badge shown
✓ clippy.toml: MSRV shown
✓ clippy.toml: thresholds shown
✓ grafana.ini: badge shown
✓ grafana.ini: server shown
✓ grafana.ini: database type shown
✓ grafana.ini: secrets masked
✓ grafana.ini: auth providers shown
✓ grafana.ini: review findings shown
✓ grafana.ini: redacted source collapsed
✓ grafana.ini: source links open redacted source
✓ mix.exs: badge shown
✓ mix.exs: phoenix dep shown
✓ mix.exs: app name shown
✓ railway.json: renders
✓ railway.json: badge shown
✓ railway.json: services shown
✓ railway.json: secrets masked
✓ railway.json: review findings shown
✓ railway.json: unknown top-level key diagnostic shown
✓ railway.json: hover source help shown
✓ railway.json: source collapsed
✓ railway.json: source links open source
✓ render.yaml: renders
✓ render.yaml: badge shown
✓ render.yaml: services shown
✓ render.yaml: review findings shown
✓ render.yaml: env notes shown
✓ render.yaml: unknown top-level key diagnostic shown
✓ render.yaml: source collapsed
✓ render.yaml: source links open source
✓ .htaccess: renders
✓ .htaccess: badge shown
✓ .htaccess: rewrite rules shown
✓ .htpasswd: renders
✓ .htpasswd: badge shown
✓ .htpasswd: hashes hidden
✓ Berksfile: renders
✓ Berksfile: badge shown
✓ Berksfile: cookbooks shown
✓ .terraform.lock.hcl: renders
✓ .terraform.lock.hcl: badge shown
✓ .terraform.lock.hcl: providers shown
✓ atlantis.yaml: renders
✓ atlantis.yaml: badge shown
✓ atlantis.yaml: projects shown
✓ spacelift-config.yml: renders
✓ spacelift-config.yml: badge shown
✓ spacelift-config.yml: stacks shown
✓ Caddyfile: renders
✓ Caddyfile: badge shown
✓ Caddyfile: site info shown
✓ supervisord.conf: renders
✓ supervisord.conf: badge shown
✓ supervisord.conf: programs shown
✓ nginx.conf: renders
✓ nginx.conf: badge shown
✓ nginx.conf: server info shown
✓ nginx.conf: server rule-pack diagnostics shown
✓ haproxy.cfg: renders
✓ haproxy.cfg: badge shown
✓ haproxy.cfg: proxy config shown
✓ .babelrc: renders
✓ .babelrc: badge shown
✓ .babelrc: config shown
✓ jest.config.js: renders
✓ jest.config.js: badge shown
✓ jest.config.js: config shown
✓ .env.example: renders
✓ .env.example: badge shown
✓ .env.example: variables shown
✓ .envrc: renders
✓ .envrc: badge shown
✓ .envrc: config shown
✓ .gcloudignore: renders
✓ .gcloudignore: badge shown
✓ app.json: renders
✓ app.json: badge shown
✓ app.json: config shown
✓ cliff.toml: renders
✓ cliff.toml: badge shown
✓ cliff.toml: git config shown
✓ release-please-config.json: renders
✓ release-please-config.json: badge shown
✓ release-please-config.json: config shown
✓ .eslintignore: renders
✓ .eslintignore: badge shown
✓ .eslintignore: patterns shown
✓ .prettierignore: renders
✓ .prettierignore: badge shown
✓ .prettierignore: patterns shown
✓ .codeclimate.yml: renders
✓ .codeclimate.yml: badge shown
✓ .codeclimate.yml: plugins shown
✓ semaphore.yml: renders
✓ semaphore.yml: badge shown
✓ semaphore.yml: blocks shown
✓ .yamllint: renders
✓ .yamllint: badge shown
✓ .yamllint: rules shown
✓ vale.ini: renders
✓ vale.ini: badge shown
✓ vale.ini: styles shown
✓ .ansible-lint: renders
✓ .ansible-lint: badge shown
✓ .ansible-lint: config shown
✓ molecule.yml: renders
✓ molecule.yml: badge shown
✓ molecule.yml: platforms shown
✓ dprint.json: dprint-doc shown
✓ dprint.json: badge shown
✓ dprint.json: plugins section shown
✓ helmfile.yaml: renders
✓ helmfile.yaml: badge shown
✓ helmfile.yaml: releases shown
✓ helmfile.yaml: repos shown
✓ helmfile.yaml: review findings shown
✓ helmfile.yaml: secret-like source redacted
✓ helmfile.yaml: hover source help shown
✓ helmfile.yaml: redacted source collapsed
✓ helmfile.yaml: source links open redacted source
✓ .release-it.yml: renders
✓ .release-it.yml: badge shown
✓ .release-it.yml: git section shown
✓ .release-it.yml: GitHub section shown
✓ JSHandle@node
✓ benthos.yaml: badge shown
✓ benthos.yaml: input shown
✓ benthos.yaml: output shown
✓ benthos.yaml: processors shown
✓ JSHandle@node
✓ .kitchen.yml: badge shown
✓ .kitchen.yml: driver shown
✓ .kitchen.yml: platforms shown
✓ .kitchen.yml: suites shown
✓ JSHandle@node
✓ shopify.app.toml: badge shown
✓ shopify.app.toml: scopes shown
✓ JSHandle@node
✓ .lighthouserc.json: badge shown
✓ .lighthouserc.json: assertions shown
✓ JSHandle@node
✓ harbor.yml: badge shown
✓ harbor.yml: hostname shown
✓ JSHandle@node
✓ garden.yml: badge shown
✓ garden.yml: kind shown
✓ JSHandle@node
✓ stryker.conf.json: badge shown
✓ stryker.conf.json: test runner shown
✓ JSHandle@node
✓ volta.json: pinned tools shown
✓ JSHandle@node
✓ .windsurfrules: rule sections shown
✓ JSHandle@node
✓ JSHandle@node
✓ JSHandle@node
✓ JSHandle@node
✓ JSHandle@node
✓ JSHandle@node
✓ JSHandle@node
✓ airflow.cfg: badge shown
✓ airflow.cfg: executor shown
✓ JSHandle@node
✓ JSHandle@node
✓ JSHandle@node
✓ registries.conf: badge shown
✓ registries.conf: registry entries shown
✓ JSHandle@node
✓ storage.conf: badge shown
✓ storage.conf: driver shown
✓ JSHandle@node
✓ blackbox.yml: badge shown
✓ blackbox.yml: modules shown
✓ JSHandle@node
✓ snmp.yml: badge shown
✓ snmp.yml: modules shown
✓ JSHandle@node
✓ JSHandle@node
✓ JSHandle@node
✓ JSHandle@node
✓ JSHandle@node
✓ JSHandle@node
✓ JSHandle@node
✓ influxdb.conf: badge shown
✓ influxdb.conf: HTTP address shown
✓ JSHandle@node
✓ nsqd.cfg: badge shown
✓ nsqd.cfg: TCP address shown
✓ JSHandle@node
✓ JSHandle@node
✓ JSHandle@node
✓ JSHandle@node
✓ JSHandle@node
✓ JSHandle@node
✓ JSHandle@node
✓ JSHandle@node
✓ JSHandle@node
✓ JSHandle@node
✓ JSHandle@node
✓ JSHandle@node
✓ JSHandle@node
✓ JSHandle@node
✓ JSHandle@node
✓ JSHandle@node
✓ JSHandle@node
✓ JSHandle@node
✓ JSHandle@node
✓ JSHandle@node
✓ JSHandle@node
✓ starship.toml: modules section with character module shown
✓ JSHandle@node
✓ mosquitto.conf: listener port 1883 and allow_anonymous false shown
✓ JSHandle@node
✓ kamal.yml: service name shown
✓ kamal.yml: secrets masked as [configured]
✓ kamal.yml: accessories listed
✓ JSHandle@node
✓ prefect.yaml: project name shown
✓ prefect.yaml: deployments listed
✓ prefect.yaml: schedules shown
✓ JSHandle@node
✓ meltano.yml: Meltano badge text shown
✓ meltano.yml: extractors shown
✓ meltano.yml: loaders shown
✓ meltano.yml: schedules shown
✓ JSHandle@node
✓ dagster.yaml: Dagster badge text shown
✓ dagster.yaml: code location packages shown
✓ dagster.yaml: gRPC server location shown
✓ dagster.yaml: location count shown
✓ JSHandle@node
✓ zabbix_agentd.conf: Agent type badge shown
✓ zabbix_agentd.conf: Server address shown
✓ zabbix_agentd.conf: Hostname shown
✓ zabbix_agentd.conf: PSK values masked
✓ zabbix_agentd.conf: UserParameter count shown
✓ JSHandle@node
✓ ejabberd.yml: ejabberd badge shown
✓ ejabberd.yml: host shown
✓ ejabberd.yml: c2s listener shown
✓ ejabberd.yml: SQL password masked
✓ JSHandle@node
✓ borgmatic.yaml: source directories shown
✓ borgmatic.yaml: repositories shown
✓ borgmatic.yaml: encryption_passphrase masked
✓ JSHandle@node
✓ suricata.yaml: HOME_NET variable shown
✓ suricata.yaml: capture interface shown
✓ suricata.yaml: rule files shown
✓ JSHandle@node
✓ waybar-config.json: Waybar badge shown
✓ waybar-config.json: module names shown
✓ waybar-config.json: layout sections shown
✓ JSHandle@node
✓ netbird.json: NetBird badge shown
✓ netbird.json: management URL shown
✓ netbird.json: private key masked as [configured]
✓ JSHandle@node
✓ tailscale-acl.hujson: Tailscale badge shown
✓ tailscale-acl.hujson: groups shown
✓ tailscale-acl.hujson: accept rules shown
✓ tailscale-acl.hujson: accept-rules-present status shown
✓ JSHandle@node
✓ headscale-config.yaml: Headscale badge shown
✓ headscale-config.yaml: server_url shown
✓ headscale-config.yaml: IP prefixes shown
✓ headscale-config.yaml: db_type shown
✓ headscale-config.yaml: private key paths shown
✓ JSHandle@node
✓ JSHandle@node
✓ pihole-setupVars.conf: Pi-hole badge shown
✓ pihole-setupVars.conf: upstream DNS servers shown
✓ pihole-setupVars.conf: interface shown
✓ pihole-setupVars.conf: WEBPASSWORD masked
✓ JSHandle@node
✓ corosync.conf: cluster_name extracted
✓ corosync.conf: node list section shown
✓ corosync.conf: quorum section shown
✓ JSHandle@node
✓ config.nu: edit_mode extracted
✓ config.nu: custom commands counted
✓ config.nu: aliases section shown
✓ JSHandle@node
✓ graylog.conf: Graylog badge shown
✓ graylog.conf: is_master chip shown
✓ graylog.conf: Elasticsearch host shown
✓ graylog.conf: secrets masked
✓ JSHandle@node
✓ odoo.conf: Odoo badge shown
✓ odoo.conf: xmlrpc_port shown
✓ odoo.conf: workers setting shown
✓ odoo.conf: secrets masked
✓ JSHandle@node
✓ miniflux.conf: Miniflux badge shown
✓ miniflux.conf: server settings shown
✓ miniflux.conf: secrets masked
✓ JSHandle@node
✓ config.production.json: Ghost badge shown in text
✓ config.production.json: server info shown
✓ config.production.json: secrets masked
✓ JSHandle@node
✓ gotosocial-config.yaml: GoToSocial badge shown in text
✓ gotosocial-config.yaml: host shown
✓ gotosocial-config.yaml: secrets masked
✓ JSHandle@node
✓ searxng-settings.yml: SearXNG badge shown in text
✓ searxng-settings.yml: instance_name shown
✓ searxng-settings.yml: secrets masked
✓ JSHandle@node
✓ JSHandle@node
✓ JSHandle@node
✓ homer.yml: Homer badge shown in text
✓ homer.yml: title shown
✓ homer.yml: service groups shown
✓ JSHandle@node
✓ uptime-kuma.json: Uptime Kuma badge shown in text
✓ uptime-kuma.json: port shown
✓ uptime-kuma.json: hostname shown
✓ JSHandle@node
✓ JSHandle@node
✓ JSHandle@node
✓ JSHandle@node
✓ JSHandle@node
✓ JSHandle@node
✓ JSHandle@node
✓ JSHandle@node
✓ JSHandle@node
✓ JSHandle@node
✓ JSHandle@node
✓ JSHandle@node
✓ JSHandle@node
✓ JSHandle@node
✓ plausible.env: Plausible badge shown
✓ plausible.env: secrets masked
✓ plausible.env: invite_only registration chip shown
✓ JSHandle@node
✓ stirling-pdf-settings.yml: Stirling-PDF badge shown
✓ authentik.env: Authentik badge shown
✓ JSHandle@node
✓ JSHandle@node
✓ JSHandle@node
✓ JSHandle@node
✓ JSHandle@node
✓ JSHandle@node
✓ JSHandle@node
✓ JSHandle@node
✓ JSHandle@node
✓ JSHandle@node
✓ JSHandle@node
✓ JSHandle@node
✓ JSHandle@node
✓ JSHandle@node
✓ JSHandle@node
✓ JSHandle@node
✓ JSHandle@node
✓ JSHandle@node
✓ JSHandle@node
✓ JSHandle@node
✓ JSHandle@node
✓ JSHandle@node
✓ JSHandle@node
✓ JSHandle@node
✓ bookstack.env: BookStack badge shown
✓ harbor.yml: Harbor badge shown
✓ drone.env: Drone CI badge shown
✓ sftpgo.json: SFTPGo badge shown
✓ invidious-config.yml: Invidious badge shown
✓ sonar.properties: SonarQube badge shown
✓ concourse.env: Concourse CI badge shown
✓ invoiceninja.env: Invoice Ninja badge shown
✓ conduit.toml: Conduit badge shown
✓ zitadel.yaml: ZITADEL badge shown
✓ influxdb.yml: InfluxDB badge shown
✓ dendrite.yaml: Dendrite badge shown
✓ watchtower.env: Watchtower badge shown
✓ diun.yaml: Diun badge shown
✓ changedetection.env: changedetection.io badge shown
✓ semaphore-config.json: Semaphore badge shown
✓ actual-config.json: Actual Budget badge shown
✓ wallos.env: Wallos badge shown
✓ grist.env: Grist badge shown
✓ open-webui.env: Open WebUI badge shown
✓ maybe.env: Maybe badge shown
✓ netdata.conf: Netdata badge shown
✓ pocket-id.env: Pocket ID badge shown
✓ nzbget.conf: NZBGet badge shown
✓ sabnzbd.ini: SABnzbd badge shown
✓ joplin.env: Joplin Server badge shown
✓ speedtest-tracker.env: Speedtest Tracker badge shown
✓ netdata.conf: Netdata badge shown
✓ pocket-id.env: Pocket ID badge shown
✓ dozzle.yaml: Dozzle badge shown
✓ forgejo.ini: Forgejo badge shown
✓ glances.conf: Glances badge shown
✓ homarr.yaml: Homarr badge shown
✓ kavita-appsettings.json: Kavita badge shown
✓ komga.yml: Komga badge shown
✓ tandoor.env: Tandoor badge shown
✓ audiobookshelf.env: Audiobookshelf badge shown
✓ dashy.yml: Dashy badge shown
✓ jellyseerr-settings.json: Jellyseerr badge shown
✓ bazarr.yaml: Bazarr badge shown
✓ scrutiny.yaml: Scrutiny badge shown
✓ overseerr-settings.json: Overseerr badge shown
✓ freshrss.env: FreshRSS badge shown
✓ homepage-services.yaml: Homepage badge shown
✓ wallabag.env: Wallabag badge shown
✓ linkwarden.env: Linkwarden badge shown
✓ archivebox.conf: ArchiveBox badge shown
✓ memos.env: Memos badge shown
✓ wakapi.yaml: Wakapi badge shown
✓ hoarder.env: Hoarder badge shown
✓ claude_desktop_config.json: MCP badge shown
✓ claude_desktop_config.json: count text visible
✓ claude_desktop_config.json: server names shown
✓ example.rdp: RDP badge shown
✓ example.rdp: host shown
✓ example.rdp: copy command buttons present
✓ example.rdp: password redacted
✓ example.rdp: NLA auth chip shown
✓ frigate.yml: Frigate badge shown
✓ frigate.yml: camera name shown
✓ frigate.yml: camera count shown
✓ sample.plist: plist badge shown
✓ sample.plist: CFBundleIdentifier key shown
✓ appmanifest_570.acf: acf badge shown
✓ appmanifest_570.acf: game name shown
✓ appmanifest_570.acf: Fully Installed state shown
✓ robots.txt: renders
✓ robots.txt: badge shown
✓ robots.txt: User-agent groups shown
✓ sitemap.xml: renders
✓ sitemap.xml: badge shown
✓ sitemap.xml: URL table shown
✓ sample.avsc: renders
✓ sample.avsc: Avro badge shown
✓ sample.avsc: schema fields shown
✓ security.txt: renders
✓ security.txt: badge shown
✓ security.txt: RFC 9116 fields shown
✓ security.txt: contact/policy URLs are clickable links
✓ humans.txt: renders
✓ humans.txt: badge shown
✓ humans.txt: sections shown
✓ humans.txt: team members shown
✓ sample.jsonnet: renders
✓ sample.jsonnet: badge shown
✓ sample.jsonnet: summary shows imports/locals/functions
✓ sample.jsonnet: function signature shown
✓ sample.cue: renders
✓ sample.cue: badge shown
✓ sample.cue: package name shown
✓ sample.cue: definitions shown
✓ sample.tf: renders
✓ sample.tf: terraform badge shown
✓ sample.tf: resource types shown
✓ sample.tf: variables section shown
✓ sample.tf: outputs section shown
✓ sample.nix: renders
✓ sample.nix: nix badge shown
✓ sample.nix: detected kind shown
✓ sample.nix: top-level attributes shown
✓ sample.bicep: renders
✓ sample.bicep: Bicep badge shown
✓ sample.bicep: resource names shown
✓ sample.bicep: parameters shown
✓ sample.bicep: targetScope shown
✓ sample.kdl: renders
✓ sample.kdl: KDL badge shown
✓ sample.kdl: top-level nodes shown
✓ sample.kdl: node count shown
✓ sample.kdl: line-linked outline and duplicate review shown
✓ sample.kdl: source starts collapsed
✓ sample.kdl: outline click opens source and tree is expandable
✓ sample.kdl: disabled node, duplicate, and brace diagnostics shown
✓ sample.mmd: renders
✓ sample.mmd: Mermaid badge shown
✓ sample.mmd: diagram type shown
✓ sample.mmd: render note shown
✓ sample.puml: renders
✓ sample.puml: PlantUML badge shown
✓ sample.puml: diagram type or title shown
✓ sample.rego: renders
✓ sample.rego: OPA Rego badge shown
✓ sample.rego: package name shown
✓ sample.rego: rules shown
✓ sample.adoc: renders
✓ sample.adoc: AsciiDoc badge shown
✓ sample.adoc: document title shown
✓ sample.adoc: author shown
✓ sample.adoc: section headings shown
✓ sample.adoc: anchors and heading source metadata shown
✓ sample.adoc: source starts collapsed
✓ sample.adoc: item click opens and highlights source
✓ sample.adoc: references, media, admonitions, and diagnostics shown
✓ sample.capnp: renders
✓ sample.capnp: Cap'n Proto badge shown
✓ sample.capnp: file ID shown
✓ sample.capnp: struct listed
✓ sample.capnp: interface listed
✓ sample.fbs: renders
✓ sample.fbs: FlatBuffers badge shown
✓ sample.fbs: namespace shown
✓ sample.fbs: table listed
✓ sample.fbs: root_type shown
✓ sample.dhall: renders
✓ sample.dhall: Dhall badge shown
✓ sample.dhall: let-binding count shown
✓ sample.dhall: remote import shown
✓ sample.wgsl: renders
✓ sample.wgsl: WGSL badge shown
✓ sample.wgsl: vertex + fragment stages shown
✓ sample.wgsl: struct listed
✓ sample.wgsl: binding groups shown
✓ sample.glsl: renders
✓ sample.glsl: GLSL badge shown
✓ sample.glsl: shader stage shown
✓ sample.glsl: uniforms listed
✓ sample.glsl: GLSL version shown
✓ sample.hlsl: renders
✓ sample.hlsl: HLSL badge shown
✓ sample.hlsl: entry points shown
✓ sample.hlsl: constant buffers shown
✓ sample.hlsl: textures/samplers shown
✓ sample.rst: renders
✓ sample.rst: RST badge shown
✓ sample.rst: document title shown
✓ sample.rst: section headings shown
✓ sample.rst: directives listed
✓ sample.rst: references and standalone doc warnings shown
✓ sample.rst: target and substitution summary cards shown
✓ sample.rst: source starts collapsed
✓ sample.rst: directive hover help present
✓ sample.rst: outline click opens and highlights source
✓ sample.rst: targets, substitutions, and directive diagnostics shown
✓ sample.org: renders
✓ sample.org: Org badge shown
✓ sample.org: document title shown
✓ sample.org: author shown
✓ sample.org: TODO/DONE items shown
✓ sample.org: code block languages shown
✓ sample.org: enhanced Org sections shown
✓ sample.org: source starts collapsed
✓ sample.org: outline click opens and highlights source
✓ sample.org: tags, dates, blocks, results, and link diagnostics shown
✓ sample.liquid: renders
✓ sample.liquid: Liquid badge shown
✓ sample.liquid: tag counts shown
✓ sample.liquid: filters listed
✓ sample.liquid: includes/renders shown
✓ sample.hbs: renders
✓ sample.hbs: Handlebars badge shown
✓ sample.hbs: expression counts shown
✓ sample.hbs: block helpers listed
✓ sample.hbs: partials shown
✓ sample.hbs: variable/helper inventory shown
✓ sample.hbs: helper, dependency, and output hints shown
✓ sample.hbs: partial hover help present
✓ sample.hbs: inline custom helpers separated from sections
✓ sample.hbs: source starts collapsed
✓ sample.hbs: summary click opens and highlights source
✓ sample.hbs: malformed block diagnostics shown
✓ sample.j2: renders
✓ sample.j2: Jinja2 badge shown
✓ sample.j2: blocks listed
✓ sample.j2: extends shown
✓ sample.j2: filters listed
✓ sample.j2: dependencies and context variables shown
✓ sample.j2: block hover help present
✓ sample.j2: source starts collapsed
✓ sample.j2: item click opens and highlights source
✓ sample.j2: duplicate block and macro diagnostics shown
✓ sample.mustache: renders
✓ sample.mustache: Mustache badge shown
✓ sample.mustache: sections listed
✓ sample.mustache: partials listed
✓ sample.mustache: variables listed
✓ sample.mustache: partial dependencies and variable groups shown
✓ sample.mustache: partial hover help present
✓ sample.mustache: source starts collapsed
✓ sample.mustache: item click opens and highlights source
✓ sample.mustache: malformed section diagnostics shown
✓ sample.sparql: renders
✓ sample.sparql: SPARQL badge shown
✓ sample.sparql: query type shown
✓ sample.sparql: prefixes shown
✓ sample.sparql: projected variables shown
✓ sample.ttl: renders
✓ sample.ttl: Turtle RDF badge shown
✓ sample.ttl: prefixes shown
✓ sample.ttl: namespace URIs shown
✓ sample.dot: renders
✓ sample.dot: DOT badge shown
✓ sample.dot: graph type shown
✓ sample.dot: node/edge counts shown
✓ sample.v: renders
✓ sample.v: Verilog badge shown
✓ sample.v: module names shown
✓ sample.v: module count shown
✓ sample.zig: renders
✓ sample.zig: Zig badge shown
✓ sample.zig: public functions listed
✓ sample.zig: struct shown
✓ sample.zig: test count shown
✓ sample.ex: renders
✓ sample.ex: Elixir badge shown
✓ sample.ex: module name shown
✓ sample.ex: public functions listed
✓ sample.ex: dependencies shown
✓ sample.pug: renders
✓ sample.pug: Pug badge shown
✓ sample.pug: mixins listed
✓ sample.pug: blocks shown
✓ sample.pug: includes shown
✓ sample.ejs: renders
✓ sample.ejs: EJS badge shown
✓ sample.ejs: tag type counts shown
✓ sample.ejs: includes listed
✓ sample.ejs: variables listed
✓ sample.xsl: renders
✓ sample.xsl: XSLT badge shown
✓ sample.xsl: version shown
✓ sample.xsl: output method shown
✓ sample.xsl: named templates listed
✓ sample.xsl: params listed
✓ sample.xsl: call graph and binding review shown
✓ sample.xsl: source starts collapsed
✓ sample.xsl: item click opens and highlights source
✓ sample.xsl: duplicate, missing callee, and unused diagnostics shown
✓ sample.svelte: renders
✓ sample.svelte: Svelte badge shown
✓ sample.svelte: TypeScript language shown
✓ sample.svelte: props listed
✓ sample.svelte: component imports listed
✓ sample.njk: renders
✓ sample.njk: Nunjucks badge shown
✓ sample.njk: extends shown
✓ sample.njk: blocks listed
✓ sample.njk: macros listed
✓ sample.njk: dependencies, set vars, and context variables shown
✓ sample.njk: block hover help present
✓ sample.njk: source starts collapsed
✓ sample.njk: item click opens and highlights source
✓ sample.njk: duplicate block and macro diagnostics shown
✓ sample.hs: renders
✓ sample.hs: Haskell badge shown
✓ sample.hs: module name shown
✓ sample.hs: data types listed
✓ sample.hs: functions listed
✓ sample.kt: renders
✓ sample.kt: Kotlin badge shown
✓ sample.kt: package shown
✓ sample.kt: types listed
✓ sample.kt: functions listed
✓ sample.kt: signatures, params, and coroutine details shown
✓ sample.kt: top-level extension is not attached to object owner
✓ sample.kt: suspend hover help present
✓ sample.kt: source starts collapsed
✓ sample.kt: item click opens and highlights source
✓ sample.scala: renders
✓ sample.scala: Scala badge shown
✓ sample.scala: package shown
✓ sample.scala: types listed
✓ sample.scala: defs listed
✓ sample.nim: renders
✓ sample.nim: Nim badge shown
✓ sample.nim: imports listed
✓ sample.nim: procs listed
✓ sample.nim: types listed
✓ sample.dart: renders
✓ sample.dart: Dart badge shown
✓ sample.dart: Flutter detected
✓ sample.dart: classes listed
✓ sample.dart: enum listed
✓ sample.dart: extension listed
✓ sample.dart: methods, getters, constructors, and returns shown
✓ sample.dart: body calls are not listed as declarations
✓ sample.dart: async hover help present
✓ sample.dart: source starts collapsed
✓ sample.dart: item click opens and highlights source
✓ sample.groovy: renders
✓ sample.groovy: Groovy badge shown
✓ sample.groovy: package shown
✓ sample.groovy: types listed
✓ sample.groovy: methods listed
✓ sample.groovy: signatures, params, and annotations shown
✓ sample.groovy: annotation hover help present
✓ sample.groovy: source starts collapsed
✓ sample.groovy: item click opens and highlights source
✓ sample.cr: renders
✓ sample.cr: Crystal badge shown
✓ sample.cr: requires listed
✓ sample.cr: types listed
✓ sample.jl: renders
✓ sample.jl: Julia badge shown
✓ sample.jl: module name shown
✓ sample.jl: functions listed
✓ sample.jl: structs listed
✓ sample.jl: signatures, dispatch args, imports, and type details shown
✓ sample.jl: type hover help present
✓ sample.jl: source starts collapsed
✓ sample.jl: item click opens and highlights source
✓ sample.R: renders
✓ sample.R: R Script badge shown
✓ sample.R: libraries listed
✓ sample.R: functions listed
✓ sample.lua: renders
✓ sample.lua: Lua badge shown
✓ sample.lua: requires listed
✓ sample.lua: classes listed
✓ sample.lua: functions listed
✓ sample.purs: renders
✓ sample.purs: PureScript badge shown
✓ sample.purs: module name shown
✓ sample.purs: data types listed
✓ sample.purs: classes listed
✓ sample.swift: renders
✓ sample.swift: SwiftUI badge shown
✓ sample.swift: imports listed
✓ sample.swift: types listed
✓ sample.swift: extensions listed
✓ sample.erl: renders
✓ sample.erl: Erlang Module badge shown
✓ sample.erl: module name shown
✓ sample.erl: behaviour shown
✓ sample.erl: exports listed
✓ nginx-conf: renders
✓ nginx-conf: badge shown
✓ nginx-conf: server info shown
✓ apache-conf: sample.htaccess renders
✓ apache-conf: badge shown
✓ haproxy-cfg: renders
✓ haproxy-cfg: badge shown
✓ haproxy-cfg: sections shown
✓ traefik-conf: traefik.toml renders
✓ traefik-conf: badge shown
✓ traefik-conf: entrypoints shown
✓ traefik-conf: providers shown
✓ tcl-lang: sample.tcl renders
✓ scheme-lang: sample.scm renders
✓ racket-lang: sample.rkt renders
✓ fortran-lang: sample.f90 renders
✓ fortran-lang: signatures, imports, and parameters shown
✓ fortran-lang: procedure hover help present
✓ fortran-lang: source starts collapsed
✓ fortran-lang: item click opens and highlights source
✓ ruby-lang: rendered
✓ perl-lang: rendered
✓ php-lang: rendered
✓ php-lang: namespace and types shown
✓ php-lang: member ownership, params, and returns shown
✓ php-lang: includes and use declarations explained
✓ php-lang: type hover help present
✓ php-lang: visibility hover help present
✓ php-lang: source starts collapsed
✓ php-lang: item click opens and highlights source
✓ powershell-lang: rendered
✓ powershell-lang: parameter metadata shown
✓ powershell-lang: function hover details shown
✓ powershell-lang: source starts collapsed
✓ powershell-lang: function click opens numbered source
✓ solidity-lang: rendered
✓ solidity-lang: badge shown
✓ solidity-lang: pragma version shown
✓ solidity-lang: definitions listed
✓ solidity-lang: ABI signatures, NatSpec, events, errors, and modifiers shown
✓ solidity-lang: event hover help present
✓ solidity-lang: source starts collapsed
✓ solidity-lang: item click opens and highlights source
✓ vhdl-lang: rendered
✓ vhdl-lang: badge shown
✓ vhdl-lang: entity or architecture shown
✓ arduino-sketch: rendered
✓ arduino-sketch: badge shown
✓ arduino-sketch: includes shown
✓ cobol-lang: rendered
✓ cobol-lang: badge shown
✓ cobol-lang: divisions listed
✓ gleam-lang: rendered
✓ gleam-lang: signatures, params, and import groups shown
✓ gleam-lang: public function hover help present
✓ gleam-lang: source starts collapsed
✓ gleam-lang: item click opens and highlights source
✓ odin-lang: rendered
✓ odin-lang: signatures, fields, calling convention, and when shown
✓ odin-lang: calling convention hover help present
✓ odin-lang: source starts collapsed
✓ odin-lang: item click opens and highlights source
✓ haxe-lang: rendered
✓ haxe-lang: signatures, metadata, and inheritance shown
✓ haxe-lang: metadata hover help present
✓ haxe-lang: source starts collapsed
✓ haxe-lang: item click opens and highlights source
✓ ada-lang: rendered
✓ prolog-lang: rendered
✓ asm-lang: rendered
✓ objc-lang: rendered
✓ d-lang: rendered
✓ bind-zone: rendered
✓ bind-zone: DNS Zone badge shown
✓ bind-zone: zone origin or SOA shown
✓ bind-zone: record types shown
✓ coffeescript-lang: rendered
✓ livescript-lang: rendered
✓ rescript-lang: rendered
✓ reason-lang: rendered
✓ pony-lang: rendered
✓ pony-lang: owned APIs, behaviours, capabilities, and aliases shown
✓ pony-lang: behaviour hover help present
✓ pony-lang: source starts collapsed
✓ pony-lang: item click opens and highlights source
✓ wren-lang: rendered
✓ mojo-lang: rendered
✓ mojo-lang: signatures, struct fields, aliases, and bindings shown
✓ mojo-lang: @value hover help present
✓ mojo-lang: source starts collapsed
✓ mojo-lang: item click opens and highlights source
✓ janet-lang: rendered
✓ awk-script: rendered
✓ awk-script: badge shown
✓ awk-script: structure shown
✓ sed-script: rendered
✓ sed-script: badge shown
✓ sed-script: commands shown
✓ m4-macro: rendered
✓ m4-macro: badge shown
✓ m4-macro: project or macros shown
✓ lex-yacc: rendered
✓ lex-yacc: badge shown
✓ lex-yacc: tokens or rules shown
✓ elvish-script: rendered
✓ elvish-script: badge shown
✓ elvish-script: structure shown
✓ fish-script: rendered
✓ fish-script: badge shown
✓ fish-script: structure shown
✓ zsh-script: rendered
✓ zsh-script: badge shown
✓ zsh-script: structure shown
✓ nushell-script: rendered
✓ nushell-script: badge shown
✓ nushell-script: structure shown
✓ gdscript-lang: rendered
✓ gdscript-lang: badge shown
✓ gdscript-lang: structure shown
✓ gdscript-lang: signature and complexity hints shown
✓ gdscript-lang: source starts collapsed
✓ gdscript-lang: symbol click opens and highlights source
✓ ink-script: rendered
✓ ink-script: badge shown
✓ ink-script: structure shown
✓ fennel-lang: rendered
✓ fennel-lang: badge shown
✓ fennel-lang: structure shown
✓ ballerina-lang: rendered
✓ ballerina-lang: badge shown
✓ ballerina-lang: structure shown
✓ ballerina-lang: signatures, params, and review notes shown
✓ ballerina-lang: qualifier hover help present
✓ ballerina-lang: source starts collapsed
✓ ballerina-lang: item click opens and highlights source
✓ nix-flake: rendered
✓ nix-flake: badge shown
✓ nix-flake: inputs shown
✓ nix-flake: outputs shown
✓ openrc-init: rendered
✓ openrc-init: badge shown
✓ openrc-init: functions shown
✓ openrc-init: dependencies shown
✓ ssh-known-hosts: rendered
✓ ssh-known-hosts: badge shown
✓ ssh-known-hosts: key types shown
✓ ssh-known-hosts: hostnames shown
✓ etc-environment: rendered
✓ etc-environment: badge shown
✓ etc-environment: variables shown
✓ etc-environment: categories shown
✓ typst-doc: rendered
✓ typst-doc: badge shown
✓ typst-doc: structure shown
✓ typst-doc: headings shown
✓ textile-markup: rendered
✓ textile-markup: badge shown
✓ textile-markup: stats shown
✓ textile-markup: heading outline shown
✓ textile-markup: enhanced link and image details shown
✓ textile-markup: source starts collapsed
✓ textile-markup: heading click opens and highlights source
✓ textile-markup: malformed link/image diagnostics shown
✓ mediawiki-markup: rendered
✓ mediawiki-markup: badge shown
✓ mediawiki-markup: stats shown
✓ mediawiki-markup: sections shown
✓ mediawiki-markup: enhanced file/ref/table details shown
✓ mediawiki-markup: source starts collapsed
✓ mediawiki-markup: outline click opens and highlights source
✓ mediawiki-markup: parser functions, media, and markup diagnostics shown
✓ bbcode-text: rendered
✓ bbcode-text: badge shown
✓ bbcode-text: stats shown
✓ bbcode-text: tag inventory shown
✓ bbcode-text: enhanced navigation sections shown
✓ bbcode-text: source starts collapsed
✓ bbcode-text: item click opens and highlights source
✓ bbcode-text: tag and repeated asset diagnostics shown
✓ vala-lang: rendered
✓ vala-lang: badge shown
✓ vala-lang: types listed
✓ vala-lang: namespaces shown
✓ vala-lang: main() presence noted
✓ idris-lang: rendered
✓ idris-lang: badge shown
✓ idris-lang: module name shown
✓ idris-lang: data types listed
✓ idris-lang: totality annotations shown
✓ sml-lang: rendered
✓ sml-lang: badge shown
✓ sml-lang: structure/functor names listed
✓ sml-lang: binding counts shown
✓ tex-doc: rendered
✓ tex-doc: badge shown
✓ tex-doc: document class shown
✓ tex-doc: packages listed
✓ tex-doc: section titles shown
✓ tex-doc: enhanced outline/reference cards shown
✓ tex-doc: source starts collapsed
✓ tex-doc: item click opens and highlights source
✓ tex-doc: labels, refs, cites, includes, and diagnostics shown
✓ forth-lang: rendered
✓ forth-lang: badge shown
✓ forth-lang: stats shown
✓ lean-lang: rendered
✓ lean-lang: badge shown
✓ lean-lang: stats shown
✓ agda-lang: rendered
✓ agda-lang: badge shown
✓ agda-lang: stats shown
✓ chapel-lang: rendered
✓ chapel-lang: badge shown
✓ chapel-lang: stats shown
✓ koka-lang: rendered
✓ koka-lang: badge shown
✓ koka-lang: stats shown
✓ carbon-lang: rendered
✓ carbon-lang: badge shown
✓ carbon-lang: stats shown
✓ grain-lang: rendered
✓ grain-lang: badge shown
✓ grain-lang: stats shown
✓ factor-lang: rendered
✓ factor-lang: badge shown
✓ factor-lang: stats shown
✓ apt-sources: rendered
✓ pkgbuild: rendered
✓ limits-conf: rendered
✓ audit-rules: rendered
✓ common-lisp: rendered
✓ emacs-lisp: rendered
✓ squirrel-lang: rendered
✓ red-lang: rendered
✓ journald-conf: rendered
✓ tmpfiles-d: rendered
✓ nsswitch-conf: rendered
✓ mkinitcpio-conf: rendered
✓ wpa-supplicant-conf: rendered
✓ sssd-conf: rendered
✓ pascal-lang: rendered
✓ eiffel-lang: rendered
✓ avahi-daemon-conf: rendered
✓ neomutt-conf: rendered
✓ msmtp-conf: rendered
✓ openldap-conf: rendered
✓ gnuplot-script: rendered
✓ wolfram-lang: rendered
✓ stata-do: rendered
✓ tla-plus: rendered
✓ rpm-spec: rendered
✓ debian-control: rendered
✓ cups-conf: rendered
✓ dafny: rendered
✓ xdg-desktop-entry: rendered
✓ isabelle-thy: rendered
✓ alloy-lang: rendered
✓ coq-lang: rendered
✓ flatpak-manifest: rendered
✓ snapcraft-yaml: rendered
✓ smtlib: rendered
✓ promela: rendered

SMOKE PASSED
→ smoke test: binary/container types (fresh browser process, ~45 heavy WebGL/wasm opens)…
✓ .elf detected as exe type
✓ ELF badge shown
✓ ELF architecture x86-64 shown
✓ ELF 64-bit width shown
✓ Telegram JSON detected as chat type
✓ Telegram badge shown
✓ Telegram message count 8 shown
✓ .gp5 detected as guitar-pro type
✓ Guitar Pro format label shown
✓ GP5 title parsed correctly
✓ .apk detected as apk type
✓ APK classes.dex shown
✓ APK native ABI shown
✓ unsigned APK is not presented as signed
✓ APK metadata includes format
✓ AAB module layout is inventoried
✓ XAPK outer layout is honestly inventoried
✓ .iso detected as iso type
✓ ISO volume ID shown
✓ ISO publisher shown
✓ .dmp detected as dmp type
✓ MINIDUMP badge shown
✓ DMP OS Windows 11 shown
✓ DMP architecture x64 shown
✓ DMP metadata includes format
✓ DMP metadata includes stream count
✓ .lnk detected as lnk type
✓ LNK target path shown
✓ LNK shell metadata shown
✓ LNK metadata drawer includes format and target
✓ .dxf detected as dxf type
✓ DXF version AC1027 shown
✓ DXF entity types shown
✓ DXF layer names shown
✓ DXF 2D view has fit/zoom controls
✓ DXF 2D view drew 14 entities
✓ DXF 2D canvas has painted pixels
✓ .mcworld detected as mcworld type
✓ Minecraft badge shown
✓ MC world name shown
✓ MC key files listed
✓ mcworld respects dark mode (iframe re-themed dark)
✓ .dcm detected as dicom type
✓ DICOM badge shown
✓ DICOM modality CT shown
✓ DICOM image info shown
✓ DICOM metadata includes format
✓ DICOM metadata includes image dimensions
✓ .nc detected as netcdf type
✓ NetCDF badge shown
✓ NetCDF variables shown
✓ NetCDF global attributes shown
✓ .kmz detected as kmz type
✓ KMZ badge shown
✓ KMZ placemark names shown
✓ KMZ document name shown
✓ .mbtiles detected as mbtiles type
✓ MBTiles badge shown
✓ MBTiles map name shown
✓ MBTiles zoom levels shown
✓ .pdb detected as pdb type
✓ PDB badge shown
✓ PDB ID shown
✓ PDB organism/type shown
✓ PDB structure info shown
✓ PDB 3D load button shown
✓ PDB 3D canvas mounted
✓ .pcap detected as pcap type
✓ PCAP badge shown
✓ PCAP link type shown
✓ PCAP protocols shown
✓ .xyz detected as xyz type
✓ XYZ badge shown
✓ XYZ element names shown
✓ XYZ atom count shown
✓ XYZ 3D load button shown
✓ XYZ 3D canvas mounted
✓ .shp detected as shapefile type
✓ Shapefile badge shown
✓ Shapefile shape type shown
✓ Shapefile bounding box shown
✓ .wad detected as wad type
✓ WAD type badge shown
✓ WAD type description shown
✓ WAD lump info shown
✓ .sdf detected as sdf type
✓ SDF badge shown
✓ SDF molecular formula shown
✓ SDF molecule name shown
✓ SDF 3D load button shown
✓ SDF 3D canvas mounted
✓ .bsp detected as bsp type
✓ BSP badge shown
✓ BSP format label shown once
✓ BSP game engine shown
✓ BSP entity info shown
✓ BSP metadata includes format, game, and map name
✓ .cbor detected as cbor type
✓ CBOR badge shown
✓ CBOR decoded content shown
✓ CBOR metadata shown
✓ CBOR metadata drawer includes format, size, and major type
✓ .arrow detected as arrow type
✓ Arrow badge shown
✓ Arrow format shown
✓ Arrow footer info and field-name hints shown
✓ Arrow metadata includes format and file size
✓ .cif detected as cif type
✓ CIF badge shown
✓ CIF compound info shown
✓ CIF crystal data shown
✓ CIF 3D load button shown
✓ CIF 3D canvas mounted
✓ .parquet detected as parquet type
✓ Parquet badge shown
✓ Parquet format confirmed
✓ Parquet field names shown
✓ .avro detected as avro type
✓ Avro badge shown
✓ Avro schema name shown
✓ Avro schema fields shown
✓ Avro metadata includes schema, field count, and codec
✓ .msgpack detected as msgpack type
✓ MessagePack badge shown
✓ MessagePack keys rendered
✓ .bson detected as bson type
✓ BSON badge shown
✓ BSON fields rendered
✓ BSON metadata includes document size and field count
✓ .dbf detected as dbf type
✓ DBF badge shown
✓ DBF fields and records shown
✓ DBF metadata includes version, records, fields, and date
✓ .mat detected as mat type
✓ MAT badge shown
✓ MAT variables shown
✓ .fbx detected as fbx type
✓ FBX badge shown
✓ FBX version and nodes shown
✓ .blend detected as blend type
✓ Blender badge shown
✓ Blender version shown
✓ Blender metadata includes version, pointer size, and endianness
✓ .stp detected as step type
✓ STEP badge shown
✓ STEP schema shown
✓ .dwg detected as dwg type
✓ DWG badge shown
✓ DWG version info shown
✓ DWG metadata includes format
✓ DWG metadata includes version
✓ .exr detected as exr type
✓ OpenEXR badge shown
✓ EXR header attributes shown
✓ .h5 detected as hdf5 type
✓ HDF5 badge shown
✓ HDF5 superblock info shown
✓ .nii detected as nifti type
✓ NIfTI badge shown
✓ NIfTI dimension info shown
✓ .npy detected as npy type
✓ NumPy Array badge shown
✓ NumPy dtype shown
✓ NumPy shape shown
✓ .pyc detected as pyc type
✓ PYC badge shown
✓ Python version shown
✓ .class detected as java-class type
✓ Java class magic shown
✓ Java class name and version shown
✓ Java class constant pool count shown
✓ Java class metadata drawer includes class and version
✓ .mmp detected as lmms type
✓ LMMS badge shown
✓ LMMS BPM or name shown
✓ .f3d detected as f3d type
✓ F3D badge shown
✓ F3D contents shown
✓ .deb detected as deb type
✓ DEB badge shown
✓ DEB package info shown
✓ DEB metadata includes format
✓ DEB metadata includes archive member count
✓ .qif detected as qif type
✓ QIF badge shown
✓ QIF transactions shown
✓ .rpm detected as rpm type
✓ RPM badge shown
✓ RPM package info shown
✓ .nupkg detected as nupkg type
✓ NuGet badge shown
✓ NuGet package info shown
✓ .vsix detected as nupkg type
✓ VSIX badge shown
✓ .whl detected as nupkg type
✓ Python Wheel badge shown
✓ Wheel package info shown
✓ .ipa detected as ipa type
✓ IPA badge shown
✓ IPA app info shown
✓ .gba detected as emulatorjs type
✓ EmulatorJS security dialog shown
✓ EmulatorJS Start/Cancel buttons present
✓ .swf detected as ruffle type
✓ Ruffle security dialog shown
✓ .img detected as v86 type
✓ v86 security dialog shown

SMOKE PASSED
✓ all checks passed
